,molecule_chembl_id,canonical_smiles,class,MW,LogP,NumHDonors,NumHAcceptors,pIC50
0,CHEMBL281308,O=C(O)CSC(CCCc1ccccc1)(CCc1ccccc1)c1ccc(OCc2ccc3ccccc3n2)cc1,highly active,561.7470000000002,8.482600000000005,1.0,4.0,8.397940008672037
1,CHEMBL16596,CC(C)(C)Sc1c(CC(C)(C)C(=O)O)n(Cc2ccc(Cl)cc2)c2ccc(OCc3ccc4ccccc4n3)cc12,highly active,587.1850000000001,9.0141,1.0,5.0,8.698970004336019
2,CHEMBL297661,Cc1c(CC(C)(C)C(=O)O)n(Cc2ccc(Cl)cc2)c2ccc(OCc3ccc(-c4ccccc4)cn3)cc12,highly active,539.0750000000002,7.945720000000007,1.0,4.0,8.031517051446064
3,CHEMBL31540,Cc1c(CC(C)(C)C(=O)O)n(Cc2ccc(Cl)cc2)c2ccc(OCc3ccc4ccccc4n3)cc12,highly active,513.0370000000003,7.431920000000006,1.0,4.0,8.55284196865778
4,CHEMBL80696,CC(COc1ccc2c(c1)c(SC(C)(C)C)c(CC(C)(C)C(=O)O)n2Cc1ccc(Cl)cc1)c1ccccn1,highly active,565.1790000000003,8.464400000000005,1.0,5.0,8.096910013008056
5,CHEMBL433133,CC(C)(C)Sc1c(CC(C)(C)C(=O)O)n(Cc2ccc(Cl)cc2)c2ccc(OCc3ccc4cnccc4n3)cc12,highly active,588.1730000000001,8.409100000000004,1.0,6.0,8.698970004336019
6,CHEMBL38545,CC(C)(C)Sc1c(CC(C)(C)C(=O)O)n(Cc2ccc(Cl)cc2)c2ccc(OCc3nc4ccccc4s3)cc12,highly active,593.2140000000002,9.0756,1.0,6.0,8.698970004336019
7,CHEMBL80287,CC(C)c1csc(COc2ccc3c(c2)c(SC(C)(C)C)c(CC(C)(C)C(=O)O)n3Cc2ccc(Cl)cc2)n1,highly active,585.2350000000004,9.045800000000003,1.0,6.0,7.886056647693163
8,CHEMBL78013,CC(C)(C)Sc1c(CC(C)(C)C(=O)O)n(Cc2ccc(Cl)cc2)c2ccc(OCc3ccc4cc(F)ccc4n3)cc12,highly active,605.1750000000001,9.153199999999998,1.0,5.0,8.698970004336019
9,CHEMBL79383,CC(C)(C)Sc1c(CC(C)(C)C(=O)O)n(Cc2ccc(Cl)cc2)c2ccc(OCc3cnccn3)cc12,highly active,538.113,7.255900000000007,1.0,6.0,8.154901959985743
10,CHEMBL79881,CC(C)(C)Sc1c(CC(C)(C)C(=O)O)n(Cc2ccc(Cl)cc2)c2ccc(OCc3ccc4cc(F)c(F)cc4n3)cc12,highly active,623.1650000000001,9.292299999999997,1.0,5.0,7.853871964321762
11,CHEMBL289751,CC(C)(C)Sc1c(CC(C)(C)C(=O)O)n(Cc2ccc(Cl)cc2)c2ccc(OCc3cscn3)cc12,highly active,543.1540000000001,7.922400000000006,1.0,6.0,8.301029995663981
12,CHEMBL80158,CC(C)(C)Sc1c(CC(C)(C)C(=O)O)n(Cc2ccc(Cl)cc2)c2ccc(/C=C/c3ccc4ccccc4n3)cc12,highly active,583.197,9.605499999999996,1.0,4.0,7.958607314841775
13,CHEMBL78854,CC(C)(C)Sc1c(CC(C)(C)C(=O)O)n(Cc2ccc(Cl)cc2)c2ccc(OCc3nc4ccccc4o3)cc12,highly active,577.1460000000002,8.607100000000003,1.0,6.0,8.301029995663981
14,CHEMBL82760,Cc1nc(COc2ccc3c(c2)c(SC(C)(C)C)c(CC(C)(C)C(=O)O)n3Cc2ccc(Cl)cc2)cs1,highly active,557.1810000000003,8.230820000000005,1.0,6.0,8.522878745280337
15,CHEMBL310384,CC(C)(C)Sc1c(CC(C)(C)C(=O)O)n(Cc2ccc(Cl)cc2)c2ccc(OCc3cc4ccccc4cn3)cc12,highly active,587.1850000000001,9.0141,1.0,5.0,8.0
16,CHEMBL80726,CC(C)(C)Sc1c(CC(C)(C)C(=O)O)n(Cc2ccc(Cl)cc2)c2ccc(OCc3ccc4cccnc4n3)cc12,highly active,588.173,8.409100000000004,1.0,6.0,8.698970004336019
17,CHEMBL38958,CC(C)(C)Sc1c(CC(C)(C)C(=O)O)n(Cc2ccc(Cl)cc2)c2ccc(OCc3ccccn3)cc12,highly active,537.1250000000001,7.860900000000007,1.0,5.0,8.522878745280337
18,CHEMBL3350287,C[C@H](COc1ccc2c(c1)c(SC(C)(C)C)c(CC(C)(C)C(=O)O)n2Cc1ccc(Cl)cc1)c1ccccn1,highly active,565.1790000000003,8.464400000000005,1.0,5.0,7.920818753952375
19,CHEMBL2114162,C[C@@H](COc1ccc2c(c1)c(SC(C)(C)C)c(CC(C)(C)C(=O)O)n2Cc1ccc(Cl)cc1)c1ccccn1,highly active,565.1790000000003,8.464400000000005,1.0,5.0,8.221848749616356
20,CHEMBL39617,CC(C)(C)Sc1c(CC(C)(C)C(=O)O)n(Cc2ccc(Cl)cc2)c2ccc(OCc3cccc(Cl)n3)cc12,highly active,571.57,8.514300000000002,1.0,5.0,8.096910013008056
21,CHEMBL78201,CC(C)(C)Sc1c(CC(C)(C)C(=O)O)n(Cc2ccc(Cl)cc2)c2ccc(OCc3ccc4c(n3)CCCC4)cc12,highly active,591.2169999999999,8.739700000000003,1.0,5.0,8.096910013008056
22,CHEMBL404016,c1ccc(C2(c3cc(OCc4ccc5ccccc5n4)ccc3OCc3ccc4ccccc4n3)CCCCC2)cc1,highly active,550.7020000000003,9.191199999999998,0.0,4.0,8.3767507096021
23,CHEMBL255228,COC(=O)COc1ccc(OCc2ccc3ccccc3n2)cc1C1(c2ccccc2)CCCCC1,highly active,481.5920000000003,6.6158000000000055,0.0,5.0,8.431798275933005
24,CHEMBL404276,O=C(Nc1cccnc1)Oc1ccc(OCc2ccc3ccccc3n2)cc1C1(c2ccccc2)CCCC1,highly active,515.6130000000002,7.679800000000007,1.0,5.0,8.619788758288394
25,CHEMBL255227,C1=CC(COc2ccc(OCc3ccc4ccccc4n3)cc2C2(c3ccccc3)CCCC2)=CNC1,highly active,488.6310000000003,7.096000000000006,1.0,4.0,8.602059991327963
26,CHEMBL404015,c1ccc(C2(c3cc(OCc4ccc5ccccc5n4)ccc3OCc3ccc4ccccc4n3)CCCC2)cc1,highly active,536.6750000000004,8.801100000000002,0.0,4.0,8.346787486224656
27,CHEMBL255013,COC(=O)COc1ccc(OCc2ccc3ccccc3n2)cc1C1(c2ccccc2)CCCC1,highly active,467.5650000000003,6.225700000000005,0.0,5.0,8.031517051446064
28,CHEMBL401699,O=C(O)c1ccc(OCc2ccc3ccccc3n2)cc1C1(c2ccccc2)CC2CCC1C2,highly active,449.5500000000003,6.6181000000000045,1.0,3.0,7.906578314837765
29,CHEMBL254564,COC(=O)c1ccc(OCc2ccc3ccccc3n2)cc1C1(c2ccccc2)CC2CCC1C2,highly active,463.5770000000003,6.7065000000000055,0.0,4.0,8.2518119729938
30,CHEMBL402024,c1ccc(C2(c3cc(OCc4nc5ccccc5s4)ccc3OCc3ccccn3)CC3CCC2C3)cc1,highly active,518.6820000000004,7.955400000000006,0.0,5.0,8.119186407719209
31,CHEMBL401597,c1ccc(C2(c3cc(OCc4ccc5occc5n4)ccc3OCc3ccccn3)CC3CCC2C3)cc1,highly active,502.6140000000003,7.4869000000000065,0.0,5.0,8.309803919971486
32,CHEMBL254747,c1ccc(C2(c3cc(OCc4ccc5ccccc5n4)ccc3OCc3ccccn3)CC3CCC2C3)cc1,highly active,512.6530000000004,7.893900000000007,0.0,4.0,8.387216143280265
33,CHEMBL254547,CS(=O)(=O)CCOc1ccc(OCc2ccc3ccccc3n2)cc1C1(c2ccccc2)CC2CCC1C2,highly active,527.6860000000003,6.343300000000006,0.0,5.0,8.259637310505756
34,CHEMBL438166,CN(C)CCOc1ccc(OCc2ccc3ccccc3n2)cc1C1(c2ccccc2)CC2CCC1C2,highly active,492.6630000000003,6.860300000000007,0.0,4.0,8.187086643357144
35,CHEMBL430038,c1ccc(COc2ccc(OCc3ccc4ccccc4n3)cc2C2(c3ccccc3)CC3CCC2C3)cc1,highly active,511.6650000000003,8.498900000000004,0.0,3.0,8.065501548756432
36,CHEMBL257621,CCCCOc1ccc(OCc2ccc3ccccc3n2)cc1C1(c2ccccc2)CC2CCC1C2,highly active,477.6480000000003,8.098800000000008,0.0,3.0,8.221848749616356
37,CHEMBL256976,COc1ccc(OCc2ccc3ccccc3n2)cc1C1(c2ccccc2)CC2CCC1C2,highly active,435.5670000000003,6.928500000000006,0.0,3.0,8.065501548756432
38,CHEMBL256975,O=C(O)CCCOc1ccc(OCc2ccc3ccccc3n2)cc1C1(c2ccccc2)CC2CCC1C2,highly active,507.63000000000034,7.163500000000006,1.0,4.0,8.455931955649724
39,CHEMBL403199,CCOC(=O)CCCOc1ccc(OCc2ccc3ccccc3n2)cc1C1(c2ccccc2)CC2CCC1C2,highly active,535.6840000000003,7.6420000000000075,0.0,5.0,8.431798275933005
40,CHEMBL256766,O=C(O)COc1ccc(OCc2ccc3ccccc3n2)cc1C1(c2ccccc2)CC2CCC1C2,highly active,479.5760000000003,6.383300000000005,1.0,4.0,7.853871964321762
41,CHEMBL404266,COC(=O)COc1ccc(OCc2ccc3ccccc3n2)cc1C1(c2ccccc2)CC2CCC1C2,highly active,493.6030000000003,6.471700000000006,0.0,5.0,8.301029995663981
42,CHEMBL258432,Oc1ccc(OCc2ccc3ccccc3n2)cc1C1(c2ccccc2)CC2CCC1C2,highly active,421.54000000000025,6.625500000000006,1.0,3.0,7.87942606879415
43,CHEMBL541915,Br.O=C(Nc1cccnc1)Oc1ccc(OCc2nc3ccccc3s2)cc1C1(c2ccccc2)CC2CCC1C2,highly active,547.6800000000001,7.9873000000000065,1.0,6.0,8.619788758288394
44,CHEMBL558778,Cl.O=C(Nc1cccnc1)Oc1ccc(OCc2nc3ccccc3s2)cc1C1(c2ccccc2)CC2CCC1C2,highly active,547.6800000000001,7.9873000000000065,1.0,6.0,8.602059991327963
45,CHEMBL401667,O=C(Nc1cccnc1)Oc1ccc(OCc2nc3ccccc3s2)cc1C1(c2ccccc2)CC2CCC1C2,highly active,547.6800000000001,7.9873000000000065,1.0,6.0,8.55284196865778
46,CHEMBL539650,CC(C)(C)Sc1c(CC(C)(C)C(=O)O)n(Cc2ccc(-c3nccs3)cc2)c2ccc(OCc3ccccn3)cc12,highly active,585.7950000000002,8.331000000000005,1.0,7.0,8.318758762624412
47,CHEMBL557052,CC(C)(C)Sc1c(CC(C)(C)C(=O)O)n(Cc2ccc(-c3ncccn3)cc2)c2ccc(OCc3ccccn3)cc12,highly active,580.7540000000001,7.6645000000000065,1.0,7.0,8.161150909262744
48,CHEMBL555207,CC(C)(C)Sc1c(CC(C)(C)C(=O)O)n(Cc2ccc(-c3cncnc3)cc2)c2ccc(OCc3ccccn3)cc12,highly active,580.7540000000001,7.6645000000000065,1.0,7.0,8.113509274827518
49,CHEMBL538632,CC(C)(C)Sc1c(CC(C)(C)C(=O)O)n(Cc2ccc(-c3cccnc3)cc2)c2ccc(OCc3ccccn3)cc12,highly active,579.7660000000002,8.269500000000006,1.0,6.0,8.045757490560675
50,CHEMBL552567,COc1ccc(-c2ccc(Cn3c(CC(C)(C)C(=O)O)c(SC(C)(C)C)c4cc(OCc5ccccn5)ccc43)cc2)nn1,highly active,610.7800000000001,7.673100000000009,1.0,8.0,8.397940008672037
51,CHEMBL553174,Cc1ccc(-c2ccc(Cn3c(CC(C)(C)C(=O)O)c(SC(C)(C)C)c4cc(OCc5ccccn5)ccc43)cc2)cn1,highly active,593.7930000000002,8.577920000000004,1.0,6.0,8.187086643357144
52,CHEMBL557527,COc1ccc(-c2ccc(Cn3c(CC(C)(C)C(=O)O)c(SC(C)(C)C)c4cc(OCc5ccccn5)ccc43)cc2)cn1,highly active,609.7920000000001,8.278100000000007,1.0,7.0,8.3767507096021
53,CHEMBL553175,COc1ccc(-c2ccc(Cn3c(CC(C)(C)C(=O)O)c(SC(C)(C)C)c4cc(OCc5ccccn5)ccc43)cc2)nc1,highly active,609.7920000000001,8.278100000000007,1.0,7.0,8.167491087293763
54,CHEMBL538708,COc1ccc(-c2cccc(Cn3c(CC(C)(C)C(=O)O)c(SC(C)(C)C)c4cc(OCc5ccccn5)ccc43)c2)cn1,highly active,609.7920000000001,8.278100000000006,1.0,7.0,8.259637310505756
55,CHEMBL538955,CC(C)(Cc1c(CC2CCC2)c2cc(OCc3ccccn3)ccc2n1Cc1ccc(-c2nccs2)cc1)C(=O)O,highly active,565.7390000000003,7.783000000000008,1.0,6.0,8.18045606445813
56,CHEMBL555209,Cc1cnc(-c2ccc(Cn3c(CC(C)(C)C(=O)O)c(SC(C)(C)C)c4cc(OCc5ccccn5)ccc43)cc2)s1,highly active,599.8220000000002,8.639420000000003,1.0,7.0,8.318758762624412
57,CHEMBL552545,CC(C)(C)Sc1c(CC(C)(C)C(=O)O)n(Cc2ccc(-c3ncc(F)s3)cc2)c2ccc(OCc3ccccn3)cc12,highly active,603.7850000000001,8.470100000000004,1.0,7.0,8.67778070526608
58,CHEMBL553403,Cc1csc(-c2ccc(Cn3c(CC(C)(C)C(=O)O)c(SC(C)(C)C)c4cc(OCc5ccccn5)ccc43)cc2)n1,highly active,599.8220000000001,8.639420000000003,1.0,7.0,8.136677139879543
59,CHEMBL557548,COc1nc(-c2ccc(Cn3c(CC(C)(C)C(=O)O)c(SC(C)(C)C)c4cc(OCc5ccccn5)ccc43)cc2)cs1,highly active,615.8210000000003,8.339600000000006,1.0,8.0,8.481486060122112
60,CHEMBL604687,CC(=O)N1CCC[C@H]1COc1ccc2c(c1)c(SC(C)(C)C)c(CC(C)(C)C(=O)O)n2Cc1ccc(Cl)cc1,highly active,571.1830000000004,7.276600000000008,1.0,5.0,8.221848749616356
61,CHEMBL595033,CC(C)(C)Sc1c(CC(C)(C)C(=O)O)n(Cc2ccc(Cl)cc2)c2ccc(OCC(=O)c3ccc(F)cc3)cc12,highly active,582.1370000000002,8.287700000000005,1.0,5.0,7.886056647693163
62,CHEMBL605917,CCC(=O)N1CCC[C@H]1COc1ccc2c(c1)c(SC(C)(C)C)c(CC(C)(C)C(=O)O)n2Cc1ccc(Cl)cc1,highly active,585.2100000000004,7.6667000000000085,1.0,5.0,8.397940008672037
63,CHEMBL610185,CC(=O)N1c2ccccc2C[C@H]1COc1ccc2c(c1)c(SC(C)(C)C)c(CC(C)(C)C(=O)O)n2Cc1ccc(Cl)cc1,highly active,619.2270000000003,8.243500000000008,1.0,5.0,8.853871964321762
64,CHEMBL610469,CC(=O)N1c2ccccc2C[C@H]1COc1ccc2c(c1)c(CCC(C)(C)C)c(CC(C)(C)C(=O)O)n2Cc1ccc(Cl)cc1,highly active,615.2140000000004,8.331600000000007,1.0,4.0,8.327902142064282
65,CHEMBL610471,CC(=O)N1c2ccccc2C[C@H]1COc1ccc2c(c1)c(S(=O)(=O)C(C)(C)C)c(CC(C)(C)C(=O)O)n2Cc1ccc(Cl)cc1,highly active,651.2250000000001,6.925100000000008,1.0,6.0,8.346787486224656
66,CHEMBL595872,CC(=O)N1c2ccccc2C[C@H]1COc1ccc2c(c1)c(SC(C)(C)C)c(CC(C)(C)C(=O)O)n2Cc1ccc(-c2ccc(F)cn2)cc1,highly active,679.8580000000003,8.791200000000003,1.0,6.0,8.769551078621726
67,CHEMBL610472,COc1nc(-c2ccc(Cn3c(CC(C)(C)C(=O)O)c(SC(C)(C)C)c4cc(OC[C@@H]5Cc6ccccc6N5C(C)=O)ccc43)cc2)cs1,highly active,697.9230000000002,8.722200000000004,1.0,8.0,8.602059991327963
68,CHEMBL610473,COc1ccc(-c2ccc(Cn3c(CC(C)(C)C(=O)O)c(SC(C)(C)C)c4cc(OC[C@@H]5Cc6ccccc6N5C(C)=O)ccc43)cc2)cn1,highly active,691.8940000000001,8.660700000000006,1.0,7.0,8.031517051446064
69,CHEMBL610474,COc1ccc(-c2ccc(Cn3c(CC(C)(C)C(=O)O)c(SC(C)(C)C)c4cc(OC[C@@H]5Cc6ccccc6N5C(C)=O)ccc43)cc2)nc1,highly active,691.8940000000001,8.660700000000006,1.0,7.0,8.42021640338319
70,CHEMBL594773,COC1=CC=C(c2ccc(Cn3c(CC(C)(C)C(=O)O)c(SC(C)(C)C)c4cc(OC[C@@H]5Cc6ccccc6N5C(C)=O)ccc43)cc2)NN1,highly active,694.8980000000001,7.526600000000009,3.0,8.0,8.494850021680094
71,CHEMBL595092,COc1cnc(-c2ccc(Cn3c(CC(C)(C)C(=O)O)c(SC(C)(C)C)c4cc(OC[C@@H]5Cc6ccccc6N5C(C)=O)ccc43)cc2)nc1,highly active,692.8820000000002,8.055700000000009,1.0,8.0,8.657577319177793
72,CHEMBL1210423,COc1cnc(-c2ccc(Cn3c(CC(C)(C)C(=O)[O-])c(SC(C)(C)C)c4cc(OCc5ccc(C)cn5)ccc43)cc2)nc1.[Na+],highly active,623.7990000000002,6.646820000000007,0.0,9.0,8.698970004336019
73,CHEMBL313489,CC(C)(C)Sc1c(CC(C)(C)C(=O)[O-])n(Cc2ccc(Cl)cc2)c2ccc(OCc3ccc4ccccc4n3)cc12.[Na+],highly active,586.1770000000001,7.679400000000006,0.0,6.0,8.721246399047171
74,CHEMBL1922523,COc1ccc(-c2ccc(Cn3c(CC(C)(C)C(=O)O)c(SC(C)(C)C)c4cc(OCc5ccc6ccccc6n5)ccc43)cc2)cn1,highly active,659.8520000000001,9.4313,1.0,7.0,8.275724130399212
75,CHEMBL1922524,COc1ccc(-c2ccc(Cn3c(CC(C)(C)C(=O)O)c(SC(C)(C)C)c4cc(OCc5cnc6ccccc6n5)ccc43)cc2)cn1,highly active,660.8400000000001,8.826300000000003,1.0,8.0,7.943095148663527
76,CHEMBL1922525,COc1ccc(-c2ccc(Cn3c(CC(C)(C)C(=O)O)c(SC(C)(C)C)c4cc(OCc5ccc6cc(F)ccc6n5)ccc43)cc2)cn1,highly active,677.8420000000001,9.570399999999998,1.0,7.0,8.119186407719209
77,CHEMBL1922528,COc1ccc(-c2ccc(Cn3c(CC(C)(C)C(=O)O)c(SC(C)(C)C)c4cc(OCc5cn6ccccc6n5)ccc43)cc2)cn1,highly active,648.8290000000001,8.530800000000005,1.0,8.0,8.050609993355087
78,CHEMBL1922532,COc1ccc(-c2ccc(Cn3c(CC(C)(C)C(=O)O)c(SC(C)(C)C)c4cc(OCc5ccc(C)cn5)ccc43)cc2)cn1,highly active,623.8190000000002,8.586520000000005,1.0,7.0,8.769551078621726
79,CHEMBL1922642,COc1ccc(-c2ccc(Cn3c(CC(C)(C)C(=O)O)c(SC(C)(C)C)c4cc(OCc5cccc(C)n5)ccc43)cc2)cn1,highly active,623.8190000000001,8.586520000000005,1.0,7.0,8.508638306165727
80,CHEMBL1922643,CCc1ccc(COc2ccc3c(c2)c(SC(C)(C)C)c(CC(C)(C)C(=O)O)n3Cc2ccc(-c3ccc(OC)nc3)cc2)nc1,highly active,637.8460000000002,8.840500000000004,1.0,7.0,7.995678626217358
81,CHEMBL1922645,COc1ccc(-c2ccc(Cn3c(CC(C)(C)C(=O)O)c(SC(C)(C)C)c4cc(OCc5ccc(C)c(C)n5)ccc43)cc2)cn1,highly active,637.8460000000001,8.894940000000004,1.0,7.0,8.468521082957745
82,CHEMBL1922647,COc1ccc(COc2ccc3c(c2)c(SC(C)(C)C)c(CC(C)(C)C(=O)O)n3Cc2ccc(-c3ccc(OC)nc3)cc2)nc1,highly active,639.8180000000003,8.286700000000007,1.0,8.0,8.096910013008056
83,CHEMBL1922649,COc1ccc(-c2ccc(Cn3c(CC(C)(C)C(=O)O)c(SC(C)(C)C)c4cc(OCc5cnc(C)cn5)ccc43)cc2)cn1,highly active,624.8070000000001,7.981520000000009,1.0,8.0,8.267606240177031
84,CHEMBL1922653,COc1cccc(-c2ccc(Cn3c(CC(C)(C)C(=O)O)c(SC(C)(C)C)c4cc(OCc5ccc(C)cn5)ccc43)cc2)n1,highly active,623.8190000000002,8.586520000000004,1.0,7.0,8.886056647693163
85,CHEMBL1922654,COc1cccnc1-c1ccc(Cn2c(CC(C)(C)C(=O)O)c(SC(C)(C)C)c3cc(OCc4ccc(C)cn4)ccc32)cc1,highly active,623.8190000000002,8.586520000000005,1.0,7.0,8.337242168318426
86,CHEMBL1922655,Cc1ccc(COc2ccc3c(c2)c(SC(C)(C)C)c(CC(C)(C)C(=O)O)n3Cc2ccc(-c3cc(C(F)(F)F)ccn3)cc2)nc1,highly active,661.7900000000004,9.596720000000001,1.0,6.0,8.67778070526608
87,CHEMBL1922656,CCOc1nc(-c2ccc(Cn3c(CC(C)(C)C(=O)O)c(SC(C)(C)C)c4cc(OCc5ccc(C)cn5)ccc43)cc2)cs1,highly active,643.8750000000002,9.038120000000001,1.0,8.0,8.853871964321762
88,CHEMBL1922657,Cc1ccc(COc2ccc3c(c2)c(SC(C)(C)C)c(CC(C)(C)C(=O)O)n3Cc2ccc(-c3ccc(C(F)(F)F)nc3)cc2)nc1,highly active,661.7900000000004,9.596720000000001,1.0,6.0,8.494850021680094
89,CHEMBL1922658,Cc1ccc(COc2ccc3c(c2)c(SC(C)(C)C)c(CC(C)(C)C(=O)O)n3Cc2ccc(-c3ccc(C(F)(F)F)cn3)cc2)nc1,highly active,661.7900000000004,9.596720000000001,1.0,6.0,8.568636235841012
90,CHEMBL1922659,Cc1ccc(COc2ccc3c(c2)c(SC(C)(C)C)c(CC(C)(C)C(=O)O)n3Cc2ccc(-c3cccc(C(F)(F)F)n3)cc2)nc1,highly active,661.7900000000004,9.596720000000001,1.0,6.0,8.744727494896694
91,CHEMBL1922660,CCOc1ccc(-c2ccc(Cn3c(CC(C)(C)C(=O)O)c(SC(C)(C)C)c4cc(OCc5ccc(C)cn5)ccc43)cc2)cn1,highly active,637.8460000000001,8.976620000000002,1.0,7.0,8.537602002101044
92,CHEMBL1922661,CCOc1cccc(-c2ccc(Cn3c(CC(C)(C)C(=O)O)c(SC(C)(C)C)c4cc(OCc5ccc(C)cn5)ccc43)cc2)n1,highly active,637.8460000000001,8.976620000000002,1.0,7.0,8.853871964321762
93,CHEMBL1922662,Cc1ccc(COc2ccc3c(c2)c(SC(C)(C)C)c(CC(C)(C)C(=O)O)n3Cc2ccc(-c3ccc(C)cn3)cc2)nc1,highly active,607.8200000000003,8.886340000000002,1.0,6.0,8.657577319177793
94,CHEMBL1922663,Cc1ccc(COc2ccc3c(c2)c(SC(C)(C)C)c(CC(C)(C)C(=O)O)n3Cc2ccc(-c3ccc(F)cn3)cc2)nc1,highly active,611.7830000000004,8.717020000000003,1.0,6.0,8.823908740944319
95,CHEMBL1922664,Cc1ccc(COc2ccc3c(c2)c(SC(C)(C)C)c(CC(C)(C)C(=O)O)n3Cc2ccc(-c3cncc(F)c3)cc2)nc1,highly active,611.7830000000004,8.717020000000003,1.0,6.0,8.67778070526608
96,CHEMBL1922665,Cc1ccc(COc2ccc3c(c2)c(SC(C)(C)C)c(CC(C)(C)C(=O)O)n3Cc2ccc(-c3cccnc3)cc2)nc1,highly active,593.7930000000003,8.577920000000006,1.0,6.0,8.585026652029182
97,CHEMBL1922666,Cc1ccc(COc2ccc3c(c2)c(SC(C)(C)C)c(CC(C)(C)C(=O)O)n3Cc2ccc(-c3ccccn3)cc2)nc1,highly active,593.7930000000003,8.577920000000006,1.0,6.0,8.886056647693163
98,CHEMBL1922667,Cc1ccc(COc2ccc3c(c2)c(SC(C)(C)C)c(CC(C)(C)C(=O)O)n3Cc2ccc(-c3ccc(=O)[nH]c3)cc2)nc1,highly active,609.7920000000004,7.871220000000009,2.0,6.0,8.080921907623926
99,CHEMBL1229205,COc1cnc(-c2ccc(Cn3c(CC(C)(C)C(=O)O)c(SC(C)(C)C)c4cc(OCc5ccc(C)cn5)ccc43)cc2)nc1,highly active,624.8070000000002,7.981520000000009,1.0,8.0,8.698970004336019
100,CHEMBL2029369,COC(=O)c1ccc(OCc2ccc3ccccc3n2)cc1[C@]1(c2ccccc2)C[C@H]2CC[C@H]1C2,highly active,463.5770000000003,6.7065000000000055,0.0,4.0,8.67778070526608
101,CHEMBL2031436,COC(=O)c1ccc(OCc2ccc3ccccc3n2)cc1[C@]1(c2ccccc2F)C[C@H]2CC[C@H]1C2,highly active,481.5670000000003,6.845600000000005,0.0,4.0,8.397940008672037
102,CHEMBL2031437,COC(=O)c1ccc(OCc2ccc3ccccc3n2)cc1[C@]1(c2cccc(F)c2)C[C@H]2CC[C@H]1C2,highly active,481.5670000000003,6.845600000000005,0.0,4.0,8.638272163982407
103,CHEMBL2031438,COC(=O)c1ccc(OCc2ccc3ccccc3n2)cc1[C@]1(c2ccc(F)cc2)C[C@H]2CC[C@H]1C2,highly active,481.5670000000003,6.845600000000005,0.0,4.0,8.022276394711152
104,CHEMBL2031439,COC(=O)c1ccc(OCc2ccc3ccccc3n2)cc1[C@]1(c2cccc(C)c2)C[C@H]2CC[C@H]1C2,highly active,477.6040000000003,7.014920000000005,0.0,4.0,8.259637310505756
105,CHEMBL2031440,COC(=O)c1ccc(OCc2ccc3ccccc3n2)cc1[C@]1(c2cccc(C(F)(F)F)c2)C[C@H]2CC[C@H]1C2,highly active,531.5740000000002,7.725300000000005,0.0,4.0,8.130768280269024
106,CHEMBL2031441,COC(=O)c1ccc(OCc2ccc3ccccc3n2)cc1[C@]1(c2cccc(OC)c2)C[C@H]2CC[C@H]1C2,highly active,493.60300000000035,6.715100000000006,0.0,5.0,8.602059991327963
107,CHEMBL2031442,COC(=O)c1ccc(OCc2ccc3ccccc3n2)cc1[C@]1(c2cc(F)cc(F)c2)C[C@H]2CC[C@H]1C2,highly active,499.5570000000003,6.984700000000005,0.0,4.0,8.468521082957745
108,CHEMBL2031443,COC(=O)c1ccc(OCc2ccc3ccccc3n2)cc1[C@]1(c2cc(C)cc(C)c2)C[C@H]2CC[C@H]1C2,highly active,491.63100000000037,7.323340000000006,0.0,4.0,8.455931955649724
109,CHEMBL2031447,COC(=O)c1ccc(OCc2ccc3ccccc3n2)cc1C(c1ccccc1)C(C)(C)C,highly active,439.5550000000002,6.778400000000006,0.0,4.0,8.259637310505756
110,CHEMBL2031448,COC(=O)c1ccc(OCc2ccc3ccccc3n2)cc1C(CC(C)(C)C)c1ccccc1,highly active,453.5820000000002,7.168500000000006,0.0,4.0,8.522878745280337
111,CHEMBL2031449,COC(=O)c1ccc(OCc2ccc3ccccc3n2)cc1C1(c2ccccc2)C2CCC1CC2,highly active,463.5770000000003,6.7065000000000055,0.0,4.0,8.2518119729938
112,CHEMBL2031450,COC(=O)c1ccc(OCc2ccc3ccccc3n2)cc1C1(c2ccccc2)CCCCC1,highly active,451.5660000000003,6.850600000000005,0.0,4.0,7.823908740944319
113,CHEMBL2031451,COC(=O)c1ccc(OCc2ccc3ccccc3n2)cc1C1(c2ccccc2)CCCC1,highly active,437.53900000000027,6.460500000000005,0.0,4.0,8.070581074285707
114,CHEMBL2031453,COC(=O)c1ccc(OCc2ccc3ccccc3n2)cc1C1(c2ccccc2)CC(C)C1,highly active,437.5390000000002,6.316400000000005,0.0,4.0,8.494850021680094
115,CHEMBL2031455,COC(=O)c1ccc(OCc2ccc3ccccc3n2)cc1C1(c2ccccc2)CC(C)(C)C1,highly active,451.56600000000026,6.7065000000000055,0.0,4.0,8.2839966563652
116,CHEMBL2031456,O=C(Nc1cccnc1)c1ccc(OCc2ccc3ccccc3n2)cc1[C@]1(c2ccccc2)C[C@H]2CC[C@H]1C2,highly active,525.6520000000002,7.567200000000007,1.0,4.0,8.236572006437063
117,CHEMBL2031458,O=C(c1ccc(OCc2ccc3ccccc3n2)cc1[C@]1(c2ccccc2)C[C@H]2CC[C@H]1C2)N1CCCC1,highly active,502.65800000000047,7.155900000000007,0.0,3.0,8.148741651280925
118,CHEMBL2031459,Cc1noc(-c2ccc(OCc3ccc4ccccc4n3)cc2[C@]2(c3ccccc3)C[C@H]3CC[C@H]2C3)n1,highly active,487.6030000000003,7.278320000000007,0.0,5.0,8.200659450546418
119,CHEMBL2031645,Nc1nnc(-c2ccc(OCc3ccc4ccccc4n3)cc2[C@]2(c3ccccc3)C[C@H]3CC[C@H]2C3)o1,highly active,488.5910000000003,6.552100000000005,1.0,6.0,8.657577319177793
120,CHEMBL2031646,O=c1[nH]nc(-c2ccc(OCc3ccc4ccccc4n3)cc2[C@]2(c3ccccc3)C[C@H]3CC[C@H]2C3)o1,highly active,489.57500000000033,6.263200000000005,1.0,5.0,8.602059991327963
121,CHEMBL2031647,S=c1[nH]nc(-c2ccc(OCc3ccc4ccccc4n3)cc2[C@]2(c3ccccc3)C[C@H]3CC[C@H]2C3)o1,highly active,505.6430000000003,7.632490000000006,1.0,5.0,8.958607314841775
122,CHEMBL2031648,Cc1nnc(-c2ccc(OCc3ccc4ccccc4n3)cc2[C@]2(c3ccccc3)C[C@H]3CC[C@H]2C3)o1,highly active,487.6030000000003,7.278320000000007,0.0,5.0,8.301029995663981
123,CHEMBL2031649,c1ccc([C@@]2(c3cc(OCc4ccc5ccccc5n4)ccc3-c3nnco3)C[C@H]3CC[C@H]2C3)cc1,highly active,473.57600000000025,6.969900000000006,0.0,5.0,8.537602002101044
124,CHEMBL2031650,c1ccc([C@@]2(c3cc(OCc4ccc5ccccc5n4)ccc3-c3ncon3)C[C@H]3CC[C@H]2C3)cc1,highly active,473.57600000000025,6.969900000000006,0.0,5.0,8.267606240177031
125,CHEMBL2031651,Cc1nc(-c2ccc(OCc3ccc4ccccc4n3)cc2[C@]2(c3ccccc3)C[C@H]3CC[C@H]2C3)no1,highly active,487.6030000000003,7.278320000000007,0.0,5.0,8.795880017344075
126,CHEMBL2031652,c1ccc([C@@]2(c3cc(OCc4ccc5ccccc5n4)ccc3-c3nn[nH]n3)C[C@H]3CC[C@H]2C3)cc1,highly active,473.5800000000002,6.100000000000005,1.0,5.0,8.537602002101044
127,CHEMBL2031653,Cn1nnc(-c2ccc(OCc3ccc4ccccc4n3)cc2[C@]2(c3ccccc3)C[C@H]3CC[C@H]2C3)n1,highly active,487.6070000000003,6.110400000000005,0.0,6.0,8.55284196865778
128,CHEMBL2031654,CCn1nnc(-c2ccc(OCc3ccc4ccccc4n3)cc2[C@]2(c3ccccc3)C[C@H]3CC[C@H]2C3)n1,highly active,501.6340000000003,6.5933000000000055,0.0,6.0,8.619788758288394
129,CHEMBL2031655,CC(C)n1nnc(-c2ccc(OCc3ccc4ccccc4n3)cc2[C@]2(c3ccccc3)C[C@H]3CC[C@H]2C3)n1,highly active,515.6610000000003,7.154300000000006,0.0,6.0,8.769551078621726
130,CHEMBL2031656,FC(F)n1nnc(-c2ccc(OCc3ccc4ccccc4n3)cc2[C@]2(c3ccccc3)C[C@H]3CC[C@H]2C3)n1,highly active,523.5870000000003,6.968500000000006,0.0,6.0,8.619788758288394
131,CHEMBL2031657,O=c1[nH]nc(-c2ccc(OCc3ccc4ccccc4n3)cc2[C@@]2(c3ccccc3)C[C@H]3CC[C@H]2C3)o1,highly active,489.57500000000033,6.263200000000005,1.0,5.0,9.096910013008056
132,CHEMBL2031658,COc1cccc([C@]2(c3cc(OCc4ccc5ccccc5n4)ccc3-c3n[nH]c(=O)o3)C[C@H]3CC[C@H]2C3)c1,highly active,519.6010000000003,6.271800000000006,1.0,6.0,8.958607314841775
133,CHEMBL2031659,CC(C)(C)[C@@H](c1ccccc1)c1cc(OCc2ccc3ccccc3n2)ccc1-c1n[nH]c(=O)o1,highly active,465.55300000000017,6.335100000000006,1.0,5.0,8.721246399047171
134,CHEMBL2031660,CC1(C)CC(c2ccccc2)(c2cc(OCc3ccc4ccccc4n3)ccc2-c2n[nH]c(=O)o2)C1,highly active,477.5640000000002,6.263200000000006,1.0,5.0,8.443697499232712
135,CHEMBL2031661,CC1CC(c2ccccc2)(c2cc(OCc3ccc4ccccc4n3)ccc2-c2n[nH]c(=O)o2)C1,highly active,463.53700000000015,5.873100000000005,1.0,5.0,8.585026652029182
136,CHEMBL3417531,CC(C)(O)Cn1cc(-c2nc([C@@](C)(c3ccc(-c4cnc(N)nc4)cc3)C3CC3)no2)cn1,highly active,445.52700000000016,3.459200000000002,2.0,9.0,8.67778070526608
137,CHEMBL3417530,CN(C)CCn1cc(-c2nc([C@@](C)(c3ccc(-c4cnc(N)nc4)cc3)C3CC3)no2)cn1,highly active,444.5430000000002,3.249900000000002,1.0,9.0,8.508638306165727
138,CHEMBL3417527,CNc1ncc(-c2ccc([C@](C)(c3noc(-c4cnn(CC(=O)N(C)C)c4)n3)C3CC3)cc2)cn1,highly active,472.5530000000002,3.2360000000000015,1.0,9.0,8.537602002101044
139,CHEMBL3417526,CN(C)C(=O)Cn1cc(-c2nc([C@@](C)(c3ccc(-c4cnc(N)cn4)cc3)C3CC3)no2)cn1,highly active,458.5260000000002,2.7765000000000004,1.0,9.0,8.920818753952375
140,CHEMBL3417525,CN(C)C(=O)Cn1cc(-c2nc([C@@](C)(c3ccc(-c4cnc(N)nc4)cc3)C3CC3)no2)cn1,highly active,458.5260000000002,2.7765000000000013,1.0,9.0,8.769551078621726
141,CHEMBL3417524,CN(C)C(=O)Cn1cc(-c2nc([C@@](C)(c3ccc(-c4ccc(N)nc4)cc3)C3CC3)no2)cn1,highly active,457.5380000000002,3.3815000000000017,1.0,8.0,8.958607314841775
142,CHEMBL3417522,Cn1cc(-c2nc([C@@](C)(c3ccc(-c4cnc(N)nc4)cc3)C3CCC3)no2)cn1,highly active,401.47400000000016,3.615400000000002,1.0,8.0,8.585026652029182
143,CHEMBL3417520,Cn1cc(-c2nc([C@@](C)(c3ccc(-c4cnc(N)nc4)cc3)C3CC3)no2)cn1,highly active,387.4470000000001,3.2253000000000016,1.0,8.0,8.886056647693163
144,CHEMBL3417519,CC(C)[C@@](C)(c1ccc(-c2cnc(N)nc2)cc1)c1noc(-c2cnn(C)c2)n1,highly active,389.4630000000001,3.471300000000001,1.0,8.0,8.113509274827518
145,CHEMBL3417518,CC(C)[C@](C)(c1ccc(-c2cnc(N)nc2)cc1)c1noc(-c2cnn(C)c2)n1,highly active,389.4630000000001,3.471300000000001,1.0,8.0,8.795880017344075
146,CHEMBL3417517,CC(C)C(C)(c1ccc(-c2cnc(N)nc2)cc1)c1noc(-c2cnn(C)c2)n1,highly active,389.4630000000001,3.471300000000001,1.0,8.0,8.698970004336019
147,CHEMBL3417516,CC(C)C(c1ccc(-c2cnc(N)nc2)cc1)c1noc(-c2cnn(C)c2)n1,highly active,375.4360000000001,3.297200000000001,1.0,8.0,8.207608310501746
148,CHEMBL3417513,Cn1cc(-c2nc(C(C)(C)c3ccc(-c4cnc(N)nc4)cc3)no2)cn1,highly active,361.40900000000005,2.8352000000000004,1.0,8.0,8.173925197299173
149,CHEMBL3417511,CC(C)(O)Cn1cc(-c2nc(C3(c4ccc(-c5cnc(N)nc5)cc4)CCC3)no2)cn1,highly active,431.5000000000002,3.2132000000000014,2.0,9.0,8.455931955649724
150,CHEMBL3417510,CN(C)C(=O)Cn1cc(-c2nc(C3(c4ccc(-c5cnc(N)nc5)cc4)CCC3)no2)cn1,highly active,444.4990000000002,2.5305,1.0,9.0,8.443697499232712
151,CHEMBL3417509,CN(C)CCn1cc(-c2nc(C3(c4ccc(-c5cnc(N)nc5)cc4)CCC3)no2)cn1,highly active,430.5160000000002,3.0039000000000016,1.0,9.0,8.443697499232712
152,CHEMBL3417508,NCCn1cc(-c2nc(C3(c4ccc(-c5cnc(N)nc5)cc4)CCC3)no2)cn1,highly active,402.46200000000016,2.4010000000000007,2.0,9.0,8.585026652029182
153,CHEMBL3417431,COCCn1cc(-c2nc(C3(c4ccc(-c5cnc(N)nc5)cc4)CCC3)no2)cn1,highly active,417.4730000000002,3.088700000000001,1.0,9.0,8.619788758288394
154,CHEMBL3417429,Cn1cc(-c2nc(C3(c4ccc(-c5cnc(N)nc5)cc4)CCC3)no2)cn1,highly active,373.4200000000002,2.979300000000001,1.0,8.0,8.721246399047171
155,CHEMBL3417428,Nc1ncc(-c2ccc(C3(c4noc(-c5cn[nH]c5)n4)CCC3)cc2)cn1,highly active,359.39300000000014,2.9689000000000014,2.0,7.0,8.638272163982407
156,CHEMBL3417427,Nc1ncc(-c2ccc(C3(c4noc(-c5cc[nH]n5)n4)CCC3)cc2)cn1,highly active,359.39300000000014,2.9689000000000014,2.0,7.0,8.619788758288394
157,CHEMBL3417426,Nc1ncc(-c2ccc(C3(c4noc(-c5cocn5)n4)CCC3)cc2)cn1,highly active,360.3770000000001,3.2338000000000013,1.0,8.0,8.09151498112135
158,CHEMBL3417425,Nc1ncc(-c2ccc(C3(c4noc(-c5cscn5)n4)CCC3)cc2)cn1,highly active,376.4450000000001,3.702300000000002,1.0,8.0,8.619788758288394
159,CHEMBL3417424,Nc1ncc(-c2ccc(C3(c4noc(-c5nc[nH]n5)n4)CCC3)cc2)cn1,highly active,360.38100000000014,2.3639,2.0,8.0,7.886056647693163
160,CHEMBL3417423,Nc1ncc(-c2ccc(C3(c4noc(-c5c[nH]nn5)n4)CCC3)cc2)cn1,highly active,360.38100000000014,2.3639,2.0,8.0,8.327902142064282
161,CHEMBL3417422,Nc1ncc(-c2ccc(C3(c4noc(-c5c[nH]cn5)n4)CCC3)cc2)cn1,highly active,359.39300000000014,2.9689000000000014,2.0,7.0,8.602059991327963
162,CHEMBL3417421,Nc1ncc(-c2ccc(C3(c4noc(-c5ccc[nH]c5=O)n4)CCC3)cc2)cn1,highly active,386.4150000000002,2.9341000000000017,2.0,7.0,8.537602002101044
163,CHEMBL3417420,Nc1ncc(-c2ccc(C3(c4noc(-c5ccncn5)n4)CCC3)cc2)cn1,highly active,371.4040000000001,3.035800000000002,1.0,8.0,7.853871964321762
164,CHEMBL3417419,Nc1ncc(-c2ccc(C3(c4noc(-c5cccnn5)n4)CCC3)cc2)cn1,highly active,371.4040000000001,3.035800000000001,1.0,8.0,8.070581074285707
165,CHEMBL3417418,Nc1ncc(-c2ccc(C3(c4noc(-c5cncnc5)n4)CCC3)cc2)cn1,highly active,371.4040000000001,3.035800000000001,1.0,8.0,8.221848749616356
166,CHEMBL3417417,Nc1ncc(-c2ccc(C3(c4noc(-c5cnccn5)n4)CCC3)cc2)cn1,highly active,371.4040000000001,3.035800000000001,1.0,8.0,8.244125144327509
167,CHEMBL3684676,NC(=O)CNc1ccc(-c2nc(C3(c4ccc(-c5cnc(N)nc5)nc4)CCC3)no2)cn1,highly active,443.4710000000002,1.9329999999999996,3.0,10.0,8.301029995663981
168,CHEMBL3684677,Nc1ncc(-c2ccc(C3(c4noc(-c5ccc(N6CCNCC6)nc5)n4)CCC3)cn2)cn1,highly active,455.5260000000003,2.4454000000000002,2.0,10.0,8.568636235841012
169,CHEMBL3684679,Cc1cccc(-c2nc(C3(c4ccc(-c5cnc(N)nc5)nc4)CCC3)no2)c1,highly active,384.44300000000015,3.9492200000000013,1.0,7.0,8.05551732784983
170,CHEMBL3684680,Cc1ccc(-c2nc(C3(c4ccc(-c5cnc(N)nc5)nc4)CCC3)no2)cc1,highly active,384.4430000000002,3.949220000000002,1.0,7.0,8.236572006437063
171,CHEMBL3684681,CS(=O)(=O)c1ccc(-c2nc(C3(c4ccc(-c5cnc(N)nc5)nc4)CCC3)no2)cc1,highly active,448.5080000000002,3.0443000000000016,1.0,9.0,7.958607314841775
172,CHEMBL3684682,CCNc1ccc(-c2nc(C3(c4ccc(-c5cnc(N)nc5)nc4)CCC3)no2)cn1,highly active,414.4730000000002,3.467600000000002,2.0,9.0,8.698970004336019
173,CHEMBL3684683,Nc1ncc(-c2ccc(C3(c4noc(-c5ccc(NC6CC6)nc5)n4)CCC3)cn2)cn1,highly active,426.4840000000002,3.6101000000000028,2.0,9.0,8.537602002101044
174,CHEMBL3684686,CC(C)(O)CNc1ccc(-c2nc(C3(c4ccc(-c5cnc(N)nc5)nc4)CCC3)no2)cn1,highly active,458.52600000000024,3.2186000000000012,3.0,10.0,8.67778070526608
175,CHEMBL3684687,CCOC(=O)CNc1ccc(-c2nc(C3(c4ccc(-c5cnc(N)nc5)nc4)CCC3)no2)cn1,highly active,472.50900000000024,3.0108000000000015,2.0,11.0,8.4089353929735
176,CHEMBL3684690,Nc1ncc(-c2ccc(C3(c4noc(-c5ccc(NCC(=O)O)nc5)n4)CCC3)cn2)cn1,highly active,444.4550000000002,2.5323,3.0,10.0,7.958607314841775
177,CHEMBL3684691,Nc1ncc(-c2ccc(C3(c4noc(-c5ccc(S(N)(=O)=O)cc5)n4)CCC3)cn2)cn1,highly active,449.4960000000002,2.2882,2.0,9.0,8.060480747381382
178,CHEMBL3684692,Nc1ncc(-c2ccc(C3(c4noc(-c5ccc(NCC6(O)CC6)nc5)n4)CCC3)cn2)cn1,highly active,456.5100000000003,2.972600000000001,3.0,10.0,8.744727494896694
179,CHEMBL3684694,Cn1cc(-c2nc(C3(c4ccc(-c5cnc(N)nc5)nc4)CCC3)no2)c(C(F)(F)F)n1,highly active,442.4050000000002,3.3931000000000013,1.0,9.0,8.036212172654444
180,CHEMBL3684695,CC(C)(CO)Nc1ccc(-c2nc(C3(c4ccc(-c5cnc(N)nc5)nc4)CCC3)no2)cn1,highly active,458.5260000000002,3.2186000000000012,3.0,10.0,8.585026652029182
181,CHEMBL3684696,Nc1ncc(-c2ccc(C3(c4noc(-c5ccc(OCCO)nc5)n4)CCC3)cn2)cn1,highly active,431.4560000000002,2.4069000000000003,2.0,10.0,8.602059991327963
182,CHEMBL3684699,Nc1ncc(-c2ccc(C3(c4noc(-c5cnn6cccnc56)n4)CCC3)cn2)cn1,highly active,411.42900000000014,2.6835000000000004,1.0,10.0,8.397940008672037
183,CHEMBL3684701,Nc1ncc(-c2ccc(C3(c4noc(-c5ccc6nccn6c5)n4)CCC3)cn2)cn1,highly active,410.44100000000014,3.288500000000001,1.0,9.0,7.906578314837765
184,CHEMBL3684705,Nc1ncc(-c2ccc(C3(c4noc(-c5ccc(-n6ccnc6)nc5)n4)CCC3)cn2)cn1,highly active,437.46700000000016,3.2215000000000007,1.0,10.0,8.721246399047171
185,CHEMBL3684706,Nc1ncc(-c2ccc(C3(c4noc(-c5ccc(O)cc5)n4)CCC3)cn2)cn1,highly active,386.41500000000013,3.346400000000001,2.0,8.0,8.537602002101044
186,CHEMBL3684707,Nc1ncc(-c2ccc(C3(c4noc(-c5ccc(NC(CO)CO)nc5)n4)CCC3)cn2)cn1,highly active,460.4980000000002,1.8009,4.0,11.0,8.657577319177793
187,CHEMBL3684710,COC(=O)[C@@H]1CCCN1c1ccc(-c2nc(C3(c4ccc(-c5cnc(N)nc5)nc4)CCC3)no2)cn1,highly active,498.5470000000003,3.1776000000000018,1.0,11.0,8.229147988357855
188,CHEMBL3684712,COC(=O)[C@H]1CNCCN1c1ccc(-c2nc(C3(c4ccc(-c5cnc(N)nc5)nc4)CCC3)no2)cn1,highly active,513.5620000000002,1.9869999999999988,2.0,12.0,8.494850021680094
189,CHEMBL3684713,COC(=O)[C@@H]1CN(c2ccc(-c3nc(C4(c5ccc(-c6cnc(N)nc6)nc5)CCC4)no3)cn2)CCN1,highly active,513.5620000000004,1.9869999999999997,2.0,12.0,8.431798275933005
190,CHEMBL3684714,COC(=O)[C@H]1CN(c2ccc(-c3nc(C4(c5ccc(-c6cnc(N)nc6)nc5)CCC4)no3)cn2)CCN1,highly active,513.5620000000004,1.9869999999999997,2.0,12.0,8.481486060122112
191,CHEMBL3684715,Nc1ncc(-c2ccc(C3(c4noc(-c5ccc(N6CCN[C@H](C(=O)O)C6)nc5)n4)CCC3)cn2)cn1,highly active,499.5350000000003,1.898599999999999,3.0,11.0,8.113509274827518
192,CHEMBL3684716,Nc1ncc(-c2ccc(C3(c4noc(-c5ccc(N6CCN[C@@H](C(=O)O)C6)nc5)n4)CCC3)cn2)cn1,highly active,499.5350000000003,1.898599999999999,3.0,11.0,8.113509274827518
193,CHEMBL3684717,Nc1ncc(-c2ccc(C3(c4noc(-c5ccc(N6CC[C@@H](O)C6)nc5)n4)CCC3)cn2)cn1,highly active,456.5100000000003,2.6068000000000007,2.0,10.0,8.920818753952375
194,CHEMBL3684718,C[C@@H](O)CNc1ccc(-c2nc(C3(c4ccc(-c5cnc(N)nc5)nc4)CCC3)no2)cn1,highly active,444.4990000000002,2.828500000000001,3.0,10.0,8.568636235841012
195,CHEMBL3684719,Nc1ncc(-c2ccc(C3(c4noc(-c5ccc(N6CCC[C@@H]6CO)nc5)n4)CCC3)cn2)cn1,highly active,470.5370000000003,2.996900000000002,2.0,10.0,8.508638306165727
196,CHEMBL3684720,C[C@H](O)CNc1ccc(-c2nc(C3(c4ccc(-c5cnc(N)nc5)nc4)CCC3)no2)cn1,highly active,444.4990000000002,2.828500000000001,3.0,10.0,8.619788758288394
197,CHEMBL3684721,CCOC(=O)CCN1CCN(c2ccc(-c3nc(C4(c5ccc(-c6cnc(N)nc6)nc5)CCC4)no3)cn2)CC1,highly active,555.6430000000001,3.1110000000000015,1.0,12.0,8.468521082957745
198,CHEMBL3684722,Nc1ncc(-c2ccc(C3(c4noc(-c5ccc(N6CC[C@H](O)C6)nc5)n4)CCC3)cn2)cn1,highly active,456.5100000000003,2.6068000000000007,2.0,10.0,8.657577319177793
199,CHEMBL3684723,Nc1ncc(-c2ccc(C3(c4noc(-c5ccc(N6CCS(=O)(=O)CC6)nc5)n4)CCC3)cn2)cn1,highly active,504.57600000000036,2.2706,1.0,11.0,8.431798275933005
200,CHEMBL3684724,CS(=O)(=O)N1CCN(c2ccc(-c3nc(C4(c5ccc(-c6cnc(N)nc6)nc5)CCC4)no3)cn2)CC1,highly active,533.6180000000002,2.1174,1.0,11.0,8.568636235841012
201,CHEMBL3684725,CS(=O)(=O)CCNc1ccc(-c2nc(C3(c4ccc(-c5cnc(N)nc5)nc4)CCC3)no2)cn1,highly active,492.5650000000003,2.4923,2.0,11.0,8.318758762624412
202,CHEMBL3684726,CS(=O)(=O)C1CCN(c2ccc(-c3nc(C4(c5ccc(-c6cnc(N)nc6)nc5)CCC4)no3)cn2)C1,highly active,518.6030000000003,2.6591000000000014,1.0,11.0,8.585026652029182
203,CHEMBL3684727,Nc1ncc(-c2ccc(C3(c4noc(-c5ccc(N6CCN(CCC(=O)O)CC6)nc5)n4)CCC3)cn2)cn1,highly active,527.5890000000004,2.632500000000001,2.0,11.0,8.585026652029182
204,CHEMBL3684729,Nc1ncc(-c2ccc(C3(c4noc(-c5cnn(C6COC6)c5)n4)CCC3)cn2)cn1,highly active,416.4450000000002,2.4086000000000007,1.0,10.0,7.886056647693163
205,CHEMBL3684730,COCCNc1cnc(-c2nc(C3(c4ccc(-c5cnc(N)nc5)nc4)CCC3)no2)cn1,highly active,445.4870000000002,2.4891000000000005,2.0,11.0,8.494850021680094
206,CHEMBL3684731,CCNc1cnc(-c2nc(C3(c4ccc(-c5cnc(N)nc5)nc4)CCC3)no2)cn1,highly active,415.4610000000002,2.8626000000000014,2.0,10.0,8.619788758288394
207,CHEMBL3684734,Nc1ncc(-c2ccc(C3(c4noc(-c5cnc(N6CCNCC6)cn5)n4)CCC3)cn2)cn1,highly active,456.5140000000003,1.8403999999999994,2.0,11.0,8.102372908709558
208,CHEMBL3684735,CN1CCN(c2cnc(-c3nc(C4(c5ccc(-c6cnc(N)nc6)nc5)CCC4)no3)cn2)CC1,highly active,470.5410000000003,2.1826,1.0,11.0,8.744727494896694
209,CHEMBL3684736,Nc1ncc(-c2ccc(C3(c4noc(-c5ccc(N6CCNCC6)cc5)n4)CCC3)cn2)cn1,highly active,454.5380000000003,3.0504000000000016,2.0,9.0,8.585026652029182
210,CHEMBL3684737,CCn1cc(-c2nc(C3(c4ccc(-c5cnc(N)nc5)nc4)CCC3)no2)cn1,highly active,388.4350000000002,2.8572000000000006,1.0,9.0,8.05551732784983
211,CHEMBL3684738,CC(C)n1cc(-c2nc(C3(c4ccc(-c5cnc(N)nc5)nc4)CCC3)no2)cn1,highly active,402.46200000000016,3.4182000000000015,1.0,9.0,8.142667503568731
212,CHEMBL3684740,Nc1ncc(-c2ccc(C3(c4noc(-c5cnn(C(F)F)c5)n4)CCC3)cn2)cn1,highly active,410.38800000000015,3.232400000000001,1.0,9.0,8.130768280269024
213,CHEMBL3684741,Nc1ncc(-c2ccc(C3(c4noc(-c5cnn(CCF)c5)n4)CCC3)cn2)cn1,highly active,406.4250000000001,2.806800000000001,1.0,9.0,8.022276394711152
214,CHEMBL3684742,Nc1ncc(-c2ccc(C3(c4noc(-c5cnn(CC(F)F)c5)n4)CCC3)cn2)cn1,highly active,424.4150000000001,3.102400000000001,1.0,9.0,8.214670164989233
215,CHEMBL3684743,Nc1ncc(-c2ccc(C3(c4noc(-c5cnn(CC(F)(F)F)c5)n4)CCC3)cn2)cn1,highly active,442.4050000000001,3.3996000000000013,1.0,9.0,8.119186407719209
216,CHEMBL3684748,Cc1ccc(-c2nc(C3(c4ccc(-c5cnc(N)nc5)nc4)CCC3)no2)cn1,highly active,385.4310000000002,3.344220000000001,1.0,8.0,8.346787486224656
217,CHEMBL3684752,Nc1ncc(-c2ccc(C3(c4noc(-c5ccc6[nH]ncc6c5)n4)CCC3)cn2)cn1,highly active,410.44100000000014,3.517100000000001,2.0,8.0,8.397940008672037
218,CHEMBL3684753,Cc1cc(-c2nc(C3(c4ccc(-c5cnc(N)nc5)nc4)CCC3)no2)[nH]n1,highly active,374.40800000000013,2.67232,2.0,8.0,8.259637310505756
219,CHEMBL3684756,Nc1ncc(-c2ccc(C3(c4noc(-c5cccnc5Cl)n4)CCC3)cn2)cn1,highly active,405.8490000000001,3.6892000000000023,1.0,8.0,8.387216143280265
220,CHEMBL3689097,Nc1ncc(-c2ccc(C3(c4noc(-c5cnccc5Cl)n4)CCC3)cn2)cn1,highly active,405.8490000000001,3.6892000000000023,1.0,8.0,8.136677139879543
221,CHEMBL3689098,Nc1ncc(-c2ccc(C3(c4noc(-c5ccc(N6CCOCC6)nc5)n4)CCC3)cn2)cn1,highly active,456.51000000000033,2.8724000000000016,1.0,10.0,8.568636235841012
222,CHEMBL3689099,Nc1ncc(-c2ccc(C3(c4noc(-c5cn[nH]c5)n4)CCC3)cn2)cn1,highly active,360.38100000000014,2.3639,2.0,8.0,8.154901959985743
223,CHEMBL3689102,COc1cc(-c2nc(C3(c4ccc(-c5cnc(N)nc5)nc4)CCC3)no2)ccn1,highly active,401.4300000000002,3.0444000000000013,1.0,9.0,8.017728766960431
224,CHEMBL3689103,Cc1nc(C)c(-c2nc(C3(c4ccc(-c5cnc(N)nc5)nc4)CCC3)no2)s1,highly active,405.48700000000014,3.714140000000002,1.0,9.0,8.09151498112135
225,CHEMBL3689105,COc1ccc(-c2nc(C3(c4ccc(-c5cnc(N)nc5)nc4)CCC3)no2)c(OC)n1,highly active,431.45600000000024,3.053000000000001,1.0,10.0,8.136677139879543
226,CHEMBL3689108,Nc1ncc(-c2ccc(C3(c4noc(-c5ccc(Cl)nc5)n4)CCC3)cn2)cn1,highly active,405.84900000000016,3.6892000000000023,1.0,8.0,8.1249387366083
227,CHEMBL3639879,Cn1cc(-c2nc(C3(c4ccc(-c5cnc(N)nc5)nc4)CCC3)no2)cn1,highly active,374.4080000000002,2.3743,1.0,9.0,7.886056647693163
228,CHEMBL3689111,Cc1n[nH]c(C)c1-c1nc(C2(c3ccc(-c4cnc(N)nc4)nc3)CCC2)no1,highly active,388.4350000000002,2.980740000000001,2.0,8.0,7.853871964321762
229,CHEMBL3689117,Nc1ncc(-c2ccc(C3(c4noc(-c5cccnc5C(F)(F)F)n4)CCC3)cn2)cn1,highly active,439.4010000000001,4.054600000000002,1.0,8.0,7.853871964321762
230,CHEMBL3689118,CN(C)c1ccc(-c2nc(C3(c4ccc(-c5cnc(N)nc5)nc4)CCC3)no2)cn1,highly active,414.4730000000002,3.101800000000001,1.0,9.0,8.619788758288394
231,CHEMBL3689119,Nc1ccc(-c2nc(C3(c4ccc(-c5cnc(N)nc5)nc4)CCC3)no2)cn1,highly active,386.4190000000002,2.6180000000000003,2.0,9.0,8.3767507096021
232,CHEMBL3689120,Nc1ncc(-c2ccc(C3(c4noc(-c5ccc(N6CCCC6)nc5)n4)CCC3)cn2)cn1,highly active,440.5110000000003,3.636000000000003,1.0,9.0,8.481486060122112
233,CHEMBL3689121,CNc1ccc(-c2nc(C3(c4ccc(-c5cnc(N)nc5)nc4)CCC3)no2)cn1,highly active,400.4460000000002,3.0775000000000015,2.0,9.0,8.619788758288394
234,CHEMBL3689122,CC(C)Nc1ccc(-c2nc(C3(c4ccc(-c5cnc(N)nc5)nc4)CCC3)no2)cn1,highly active,428.50000000000017,3.8561000000000023,2.0,9.0,8.823908740944319
235,CHEMBL3689123,Nc1ncc(-c2ccc(C3(c4noc(-c5ccc(NCCO)nc5)n4)CCC3)cn2)cn1,highly active,430.4720000000002,2.4400000000000004,3.0,10.0,8.721246399047171
236,CHEMBL3689124,CN(CCO)c1ccc(-c2nc(C3(c4ccc(-c5cnc(N)nc5)nc4)CCC3)no2)cn1,highly active,444.4990000000002,2.4643000000000006,2.0,10.0,8.366531544420413
237,CHEMBL3689125,COCCN(C)c1ccc(-c2nc(C3(c4ccc(-c5cnc(N)nc5)nc4)CCC3)no2)cn1,highly active,458.5260000000002,3.118400000000002,1.0,10.0,8.522878745280337
238,CHEMBL3689126,COCCNc1ccc(-c2nc(C3(c4ccc(-c5cnc(N)nc5)nc4)CCC3)no2)cn1,highly active,444.4990000000002,3.094100000000002,2.0,10.0,8.55284196865778
239,CHEMBL3689132,Cn1nccc1-c1nc(C2(c3ccc(-c4cnc(N)nc4)nc3)CCC2)no1,highly active,374.4080000000002,2.3743000000000007,1.0,9.0,7.958607314841775
240,CHEMBL3689133,Nc1ncc(-c2ccc(C3(c4noc(-c5ccc(N6CCNC(=O)C6)nc5)n4)CCC3)cn2)cn1,highly active,469.5090000000003,1.9719999999999998,2.0,10.0,8.744727494896694
241,CHEMBL3689147,Nc1ncc(-c2ccc(C3(c4noc(-c5cnn(CCN6CCOCC6)c5)n4)CCC3)cn2)cn1,highly active,473.54100000000034,2.1694999999999993,1.0,11.0,7.823908740944319
242,CHEMBL3689148,N#CCn1cc(-c2nc(C3(c4ccc(-c5cnc(N)nc5)nc4)CCC3)no2)cn1,highly active,399.4180000000002,2.36088,1.0,10.0,7.958607314841775
243,CHEMBL3689150,CN(C(=O)Cn1cc(-c2nc(C3(c4ccc(-c5cnc(N)nc5)nc4)CCC3)no2)cn1)C(C)(C)C,highly active,487.5680000000003,3.0942000000000016,1.0,10.0,7.853871964321762
244,CHEMBL3689151,CC(C)(C)NC(=O)Cn1cc(-c2nc(C3(c4ccc(-c5cnc(N)nc5)nc4)CCC3)no2)cn1,highly active,473.5410000000002,2.7520000000000007,2.0,10.0,7.853871964321762
245,CHEMBL3689152,Nc1cnc(-c2ccc(C3(c4noc(-c5cnn(C6COC6)c5)n4)CCC3)cn2)cn1,highly active,416.4450000000002,2.4086000000000007,1.0,10.0,8.080921907623926
246,CHEMBL3689153,CC(C)(O)Cn1cc(-c2nc(C3(c4ccc(-c5cnc(N)cn5)nc4)CCC3)no2)cn1,highly active,432.4880000000002,2.608200000000001,2.0,10.0,7.823908740944319
247,CHEMBL3689158,Nc1ccc(-c2ccc(C3(c4noc(-c5cnn(C6COC6)c5)n4)CCC3)cn2)cn1,highly active,415.4570000000003,3.013600000000001,1.0,9.0,7.886056647693163
248,CHEMBL3689181,CC(C)(C)CC(=O)N1CCN(c2ccc(-c3nc(C4(c5ccc(-c6cnc(N)nc6)nc5)CCC4)no3)cn2)CC1,highly active,553.6710000000002,4.120600000000002,1.0,10.0,8.42021640338319
249,CHEMBL3641468,CC(C)(C)n1c(-c2nc(C#N)ccc2-n2cncn2)nc2cc(-c3cnc(N)nc3)ccc21,highly active,436.48300000000023,3.3448800000000007,1.0,10.0,8.148741651280925
250,CHEMBL3641469,Cc1ncn(-c2ccc(C#N)nc2-c2nc3cc(-c4cnc(N)nc4)ccc3n2C(C)(C)C)n1,highly active,450.51000000000016,3.6533000000000015,1.0,10.0,8.3767507096021
251,CHEMBL3641470,Cc1ncnn1-c1ccc(C#N)nc1-c1nc2cc(-c3cnc(N)nc3)ccc2n1C(C)(C)C,highly active,450.5100000000002,3.6533000000000015,1.0,10.0,8.229147988357855
252,CHEMBL3641471,CC(C)(C)n1c(-c2nc(C3CC3)ccc2-n2cncn2)nc2cc(-c3cnc(N)nc3)ccc21,highly active,451.5380000000002,4.350600000000003,1.0,9.0,7.886056647693163
253,CHEMBL3641489,CC(C)(C)n1c(-c2cc(Cl)cnc2-n2cncn2)nc2cc(-c3cnc(N)nc3)ccc21,highly active,445.9180000000002,4.126600000000002,1.0,9.0,8.494850021680094
254,CHEMBL3641490,CC(C)(C)n1c(-c2cc(Br)cnc2-n2cncn2)nc2cc(-c3cnc(N)nc3)ccc21,highly active,490.3690000000002,4.235700000000002,1.0,9.0,8.397940008672037
255,CHEMBL3639403,Cc1ncn(-c2ncccc2-c2nc3cc(-c4cnc(N)nc4)ccc3n2C(C)(C)C)n1,highly active,425.50000000000017,3.781620000000002,1.0,9.0,7.920818753952375
256,CHEMBL3641492,CC(C)(C)n1c(-c2cc(C#N)cnc2-n2cncn2)nc2cc(-c3cnc(N)nc3)ccc21,highly active,436.4830000000002,3.3448800000000007,1.0,10.0,8.0
257,CHEMBL3681322,CC(C)(C)n1c(-c2ccccc2C(=O)Nc2ccncc2)nc2cc(-c3cnc(N)nc3)ccc21,highly active,463.5450000000002,5.144800000000003,2.0,7.0,9.040958607678906
258,CHEMBL3681323,CNC(=O)c1ccccc1-c1nc2cc(-c3cnc(N)nc3)ccc2n1C(C)(C)C,highly active,400.4860000000001,3.8571000000000026,2.0,6.0,7.943095148663527
259,CHEMBL3681324,CNC(=O)c1ccc(F)cc1-c1nc2cc(-c3cnc(N)nc3)ccc2n1C(C)(C)C,highly active,418.47600000000017,3.9962000000000026,2.0,6.0,8.294992040666664
260,CHEMBL3681326,CNC(=O)c1ccc(C#N)cc1-c1nc2cc(-c3cnc(N)nc3)ccc2n1C(C)(C)C,highly active,425.49600000000015,3.728780000000002,2.0,7.0,8.130768280269024
261,CHEMBL3681328,CC(C)(C)n1c(-c2cc(C#N)ccc2C(=O)NC#N)nc2cc(-c3cnc(N)nc3)ccc21,highly active,436.47900000000016,3.5800600000000014,2.0,8.0,8.215382707367125
262,CHEMBL3681348,CC(C)(C)n1c(-c2ccccc2C(=O)Nc2ccccn2)nc2cc(-c3cnc(N)nc3)ccc21,highly active,463.5450000000002,5.144800000000003,2.0,7.0,8.657577319177793
263,CHEMBL3681349,CC(C)(C)NC(=O)c1ccccc1-c1nc2cc(-c3cnc(N)nc3)ccc2n1C(C)(C)C,highly active,442.5670000000002,5.025800000000004,2.0,6.0,7.8326826652518236
264,CHEMBL3681336,CC(C)(C)n1c(-c2ccccc2C(=O)Nc2cccnc2)nc2cc(-c3cnc(N)nc3)ccc21,highly active,463.5450000000002,5.144800000000003,2.0,7.0,8.823908740944319
265,CHEMBL4072498,CC(C)[C@](C)(c1ccc(-c2cnc(N)nc2)nc1)c1noc(-c2cnn(CC(C)(C)O)c2)n1,highly active,448.5310000000002,3.100200000000001,2.0,10.0,7.886056647693163
266,CHEMBL4096057,CC(C)(O)Cn1cc(-c2nc([C@@](C)(c3ccc(-c4cnc(N)nc4)nc3)C3CC3)no2)cn1,highly active,446.51500000000016,2.8542000000000005,2.0,10.0,8.200659450546418
267,CHEMBL4103813,C[C@@](c1ccc(-c2cnc(N)nc2)nc1)(c1noc(-c2cnn(CC#N)c2)n1)C1CC1,highly active,413.4450000000002,2.6068800000000003,1.0,10.0,8.09151498112135
268,CHEMBL4080469,Cn1cc(-c2nc([C@@](C)(c3ccc(-c4cnc(N)nc4)nc3)C3CC3)no2)cn1,highly active,388.4350000000001,2.6203000000000003,1.0,9.0,8.522878745280337
269,CHEMBL4098484,CC(C)[C@](C)(c1ccc(-c2cnc(N)nc2)nc1)c1noc(-c2cnn(C3COC3)c2)n1,highly active,432.48800000000017,2.9006000000000007,1.0,10.0,8.18045606445813
270,CHEMBL4088331,C[C@@](c1ccc(-c2cnc(N)nc2)nc1)(c1noc(-c2cnn(C3COC3)c2)n1)C1CC1,highly active,430.47200000000026,2.6546000000000003,1.0,10.0,8.823908740944319
271,CHEMBL4072041,CN(C)C(=O)Cn1cc(-c2nc([C@@](C)(c3ccc(-c4cnc(N)nc4)nc3)C3CC3)no2)cn1,highly active,459.5140000000002,2.1715,1.0,10.0,8.537602002101044
272,CHEMBL4059620,CN(C)C(=O)N1CCN(c2nc([C@@](C)(c3ccc(-c4cnc(N)nc4)cc3)C3CC3)no2)CC1,highly active,462.5580000000003,2.628400000000001,1.0,8.0,7.920818753952375
273,CHEMBL4081751,C[C@@](c1ccc(-c2cnc(N)nc2)cc1)(c1noc(N2CCC(O)CC2)n1)C1CC1,highly active,406.4900000000003,2.7859000000000007,2.0,8.0,8.2839966563652
274,CHEMBL4099770,CC(C)[C@](C)(c1ccc(-c2cnc(N)nc2)cc1)c1noc(N2CCC(O)CC2)n1,highly active,408.5060000000002,3.031900000000001,2.0,8.0,8.136677139879543
275,CHEMBL4105047,CC1(O)CCN(c2nc([C@@](C)(c3ccc(-c4cnc(N)nc4)cc3)C3CC3)no2)CC1,highly active,420.5170000000003,3.176000000000002,2.0,8.0,8.2518119729938
276,CHEMBL4080822,CC(C)[C@](C)(c1ccc(-c2cnc(N)nc2)cc1)c1noc(N2CCC(C)(O)CC2)n1,highly active,422.53300000000024,3.4220000000000015,2.0,8.0,8.508638306165727
277,CHEMBL4074281,Nc1ncc(-c2ccc(C3(c4noc(N5CCCCC5)n4)CCC3)cc2)cn1,highly active,376.4640000000001,3.5691000000000024,1.0,7.0,8.187086643357144
278,CHEMBL4101030,Nc1ncc(-c2ccc(C3(c4noc(N5CCCC5)n4)CCC3)cc2)cn1,highly active,362.43700000000007,3.179000000000002,1.0,7.0,8.080921907623926
279,CHEMBL4071532,Nc1ncc(-c2ccc(C3(c4noc(-c5cnn(C6COC6)c5)n4)CCC3)cc2)cn1,highly active,415.4570000000002,3.013600000000001,1.0,9.0,8.721246399047171
280,CHEMBL4103286,CC(C)(CO)n1cc(-c2nc(C3(c4ccc(-c5cnc(N)nc5)cc4)CCC3)no2)cn1,highly active,431.5000000000002,3.1697000000000015,2.0,9.0,8.397940008672037
281,CHEMBL4091165,N#CCCn1cc(-c2nc(C3(c4ccc(-c5cnc(N)nc5)nc4)CCC3)no2)cn1,highly active,413.44500000000016,2.75098,1.0,10.0,7.958607314841775
282,CHEMBL4080876,N#CCCn1cc(-c2nc(C3(c4ccc(-c5cnc(N)nc5)cc4)CCC3)no2)cn1,highly active,412.45700000000016,3.3559800000000015,1.0,9.0,9.0
283,CHEMBL4088763,CN(C(=O)Cn1cc(-c2nc(C3(c4ccc(-c5cnc(N)nc5)cc4)CCC3)no2)cn1)C(C)(C)C,highly active,486.5800000000003,3.699200000000002,1.0,9.0,9.0
284,CHEMBL4092404,CC(C)(C)NC(=O)Cn1cc(-c2nc(C3(c4ccc(-c5cnc(N)nc5)cc4)CCC3)no2)cn1,highly active,472.5530000000002,3.357000000000002,2.0,9.0,8.431798275933005
285,CHEMBL4563459,Cc1cc(-c2ccc(C(=O)[C@@H]3CCCC[C@H]3C(=O)Nc3cnn(C)c3C(=O)NOC(C)(C)C)cc2)[nH]n1,highly active,506.6070000000002,4.206320000000002,3.0,7.0,8.236572006437063
286,CHEMBL4542281,Cc1cc(-c2ccc(C(=O)[C@@H]3CCCC[C@H]3C(=O)Nc3cnn4c3C(=O)NCC4)cc2)n[nH]1,highly active,446.51100000000014,2.95282,3.0,6.0,8.200659450546418
287,CHEMBL32842,O=C(O)CSC(CCCc1ccc(Cl)cc1)c1ccc(OCc2ccc3ccccc3n2)cc1,weakly active,492.04000000000025,7.349000000000006,1.0,4.0,6.913640169325252
288,CHEMBL295761,CC1Cc2c(OCc3ccc(-c4ccccc4)cn3)ccc3c2c(c(CC(C)(C)C(=O)O)n3Cc2ccc(Cl)cc2)S1,weakly active,597.1800000000004,8.674000000000001,1.0,5.0,5.0
289,CHEMBL341696,CC1Cc2c(OCc3cc4ccccc4cn3)ccc3c2c(c(CSc2ccccc2C(=O)O)n3Cc2ccc(Cl)cc2)S1,weakly active,637.2260000000003,9.497399999999997,1.0,6.0,5.5376020021010435
290,CHEMBL138551,CC1Cc2c(OCc3ccccn3)ccc3c2c(c(CSc2ccccc2C(=O)O)n3Cc2ccc(Cl)cc2)S1,weakly active,587.1660000000003,8.344200000000004,1.0,6.0,6.119186407719209
291,CHEMBL415530,COc1ccc(COc2ccc3c4c2CC(C)Sc4c(CSc2ccccc2C(=O)O)n3Cc2ccc(Cl)cc2)nc1,weakly active,617.1920000000002,8.352800000000006,1.0,7.0,6.431798275933005
292,CHEMBL140157,CC1Cc2c(OCc3ccc4ccccc4n3)ccc3c2c(c(CSc2ccccc2C(=O)O)n3Cc2ccc(Cl)cc2)S1,weakly active,637.2260000000003,9.497399999999997,1.0,6.0,7.142667503568731
293,CHEMBL40073,CC(C)(C)Sc1c(CC(C)(C)C(=O)O)n(Cc2ccc(Cl)cc2)c2ccc(OCc3cccnc3)cc12,weakly active,537.1250000000001,7.860900000000007,1.0,5.0,7.229147988357855
294,CHEMBL433137,CC(C)(C)Sc1c(CC(C)(C)C(=O)O)n(Cc2ccc(Cl)cc2)c2cc(OCc3ccc4ccccc4n3)ccc12,weakly active,587.1850000000001,9.0141,1.0,5.0,6.368556230986828
295,CHEMBL78938,CC(Oc1ccc2c(c1)c(SC(C)(C)C)c(CC(C)(C)C(=O)O)n2Cc1ccc(Cl)cc1)c1ccc2ccccc2n1,weakly active,601.2120000000002,9.575099999999997,1.0,5.0,6.935542010773082
296,CHEMBL80802,CCCC(Oc1ccc2c(c1)c(SC(C)(C)C)c(CC(C)(C)C(=O)O)n2Cc1ccc(Cl)cc1)c1ccc2ccccc2n1,weakly active,629.2660000000002,10.355299999999994,1.0,5.0,6.455931955649724
297,CHEMBL76750,CC(C)(C)Sc1c(CC(C)(C)C(=O)O)n(Cc2ccc(Cl)cc2)c2cccc(OCc3ccc4ccccc4n3)c12,weakly active,587.1850000000001,9.0141,1.0,5.0,7.070581074285707
298,CHEMBL310055,CC(C)(C)Sc1c(CC(C)(C)C(=O)O)n(Cc2ccc(Cl)cc2)c2ccc(OCc3nc4cc(C(F)(F)F)ccc4s3)cc12,weakly active,661.2110000000002,10.094399999999993,1.0,6.0,6.730487055782084
299,CHEMBL80512,CC(C)(C)Sc1c(CC(C)(C)C(=O)O)n(Cc2ccc(Cl)cc2)c2ccc(OCc3cccs3)cc12,weakly active,542.166,8.527400000000002,1.0,5.0,7.154901959985743
300,CHEMBL311112,CC(C)(C)Sc1c(CC(C)(C)C(=O)O)n(Cc2ccc(Cl)cc2)c2c(OCc3ccc4ccccc4n3)cccc12,weakly active,587.1850000000001,9.0141,1.0,5.0,5.708853238268114
301,CHEMBL80235,CC(C)(C)Sc1c(CC(C)(C)C(=O)O)n(Cc2ccc(Cl)cc2)c2ccc(OCc3ccnc4ccccc34)cc12,weakly active,587.1850000000002,9.0141,1.0,5.0,7.2076083105017466
302,CHEMBL311968,COc1ccc2nc(COc3ccc4c(c3)c(SC(C)(C)C)c(CC(C)(C)C(=O)O)n4Cc3ccc(Cl)cc3)sc2c1,weakly active,623.2400000000004,9.084200000000001,1.0,7.0,7.136677139879544
303,CHEMBL96412,CC1Cc2c(OCc3ccccn3)ccc3c2c(c(CC(C)(C)C(=O)O)n3Cc2ccc(Cl)cc2)S1,weakly active,521.0820000000003,7.007000000000006,1.0,5.0,6.958607314841775
304,CHEMBL430487,CC1Cc2c(OCc3cc4ccccc4cn3)ccc3c2c(c(CC(C)(C)C(=O)O)n3Cc2ccc(Cl)cc2)S1,weakly active,571.1420000000004,8.160200000000005,1.0,5.0,6.4089353929735005
305,CHEMBL180650,Cc1ccccc1-c1ccc(-c2ccc3c(c2)c(C)c(CC(C)(C)C(=O)O)n3Cc2ccc(Cl)cc2)cc1F,weakly active,540.0780000000003,9.086240000000002,1.0,2.0,6.0
306,CHEMBL182032,Cc1c(CC(C)(C)C(=O)O)n(Cc2ccc(Cl)cc2)c2ccc(-c3ccc(-c4ccccc4)c(F)c3)cc12,weakly active,526.0510000000002,8.777820000000002,1.0,2.0,6.0
307,CHEMBL258213,OCCOc1ccc(C2(c3ccc(OCCO)cc3)CC3CCC2C3)cc1,weakly active,368.4730000000001,3.534900000000002,2.0,4.0,6.412289034981089
308,CHEMBL255012,O=C(O)COc1cc(OCc2ccc3ccccc3n2)ccc1C1(c2ccccc2)CC2CCC1C2,weakly active,479.5760000000003,6.3833000000000055,1.0,4.0,5.444301105281099
309,CHEMBL255011,COC(=O)COc1cc(OCc2ccc3ccccc3n2)ccc1C1(c2ccccc2)CC2CCC1C2,weakly active,493.6030000000003,6.471700000000006,0.0,5.0,6.110138278741812
310,CHEMBL255010,Oc1cc(OCc2ccc3ccccc3n2)ccc1C1(c2ccccc2)CC2CCC1C2,weakly active,421.54000000000025,6.625500000000006,1.0,3.0,6.008773924307505
311,CHEMBL254563,O=C(Nc1cccnc1)Oc1ccc(OCc2ccccn2)c(C2(c3ccccc3)CC3CCC2C3)c1,weakly active,491.59100000000024,6.772600000000005,1.0,5.0,6.7423214251308154
312,CHEMBL415093,c1ccc(C2(c3cc(OCc4cccnc4)ccc3OCc3ccccn3)CC3CCC2C3)cc1,weakly active,462.5930000000003,6.740700000000006,0.0,4.0,6.872895201635193
313,CHEMBL404267,O=C(O)COc1ccc(OCc2ccc3ccccc3n2)c(C2(c3ccccc3)CC3CCC2C3)c1,weakly active,479.5760000000003,6.3833000000000055,1.0,4.0,5.501000636419847
314,CHEMBL256765,COC(=O)COc1ccc(OCc2ccc3ccccc3n2)c(C2(c3ccccc3)CC3CCC2C3)c1,weakly active,493.6030000000003,6.471700000000006,0.0,5.0,7.026872146400302
315,CHEMBL258431,Oc1ccc(O)c(C2(c3ccccc3)CC3CCC2C3)c1,weakly active,280.367,4.203900000000003,2.0,2.0,5.684029654543083
316,CHEMBL401668,O=C(O)COc1ccc(C2(c3ccc(OCc4ccc5ccccc5n4)cc3)CC3CCC2C3)cc1,weakly active,479.57600000000025,6.3833000000000055,1.0,4.0,7.008773924307505
317,CHEMBL258215,COC(=O)COc1ccc(C2(c3ccc(OCc4ccc5ccccc5n4)cc3)CC3CCC2C3)cc1,weakly active,493.60300000000024,6.471700000000006,0.0,5.0,6.739928612014925
318,CHEMBL257797,c1ccc2nc(COc3ccc(C4(c5ccc(OCc6ccc7ccccc7n6)cc5)CC5CCC4C5)cc3)ccc2c1,weakly active,562.7130000000003,9.0471,0.0,4.0,6.896196279044043
319,CHEMBL258214,Oc1ccc(C2(c3ccc(OCc4ccc5ccccc5n4)cc3)CC3CCC2C3)cc1,weakly active,421.5400000000002,6.625500000000006,1.0,3.0,6.838631997765025
320,CHEMBL112,CC(=O)Nc1ccc(O)cc1,weakly active,151.165,1.3505999999999998,2.0,2.0,4.356547323513812
321,CHEMBL557085,COc1ccc(-c2ccc(Cn3c(CC(C)(C)C(=O)O)c([S+]([O-])C(C)(C)C)c4cc(OCc5ccccn5)ccc43)cc2)cn1,weakly active,625.7910000000002,7.293600000000008,1.0,7.0,6.100726812682396
322,CHEMBL538954,COc1ccc(-c2ccc(Cn3c(CC(C)(C)C(=O)O)c(S(=O)(=O)C(C)(C)C)c4cc(OCc5ccccn5)ccc43)cc2)cn1,weakly active,641.7900000000002,6.959700000000007,1.0,8.0,6.688246138944246
323,CHEMBL552280,CC(C)(Cc1cc2cc(OCc3ccccn3)ccc2n1Cc1ccc(-c2nccs2)cc1)C(=O)O,weakly active,497.62000000000023,6.440400000000006,1.0,6.0,6.52432881167557
324,CHEMBL552544,CC(C)(Cc1c(C(=O)C2CCC2)c2cc(OCc3ccccn3)ccc2n1Cc1ccc(-c2nccs2)cc1)C(=O)O,weakly active,579.7220000000002,7.423200000000007,1.0,7.0,6.35261702988538
325,CHEMBL555208,CC(C)(C)CCc1c(CC(C)(C)C(=O)O)n(Cc2ccc(-c3nccs3)cc2)c2ccc(OCc3ccccn3)cc12,weakly active,581.7820000000002,8.419100000000006,1.0,6.0,6.640164517660112
326,CHEMBL610189,CC(C)(C)OC(=O)N1CCC[C@H]1COc1ccc2c(c1)c(SC(C)(C)C)c(CC(C)(C)C(=O)O)n2Cc1ccc(Cl)cc1,weakly active,629.2630000000001,8.665200000000004,1.0,6.0,5.95311480916229
327,CHEMBL610188,CC(C)(C)OC(=O)N1CCC[C@@H]1COc1ccc2c(c1)c(SC(C)(C)C)c(CC(C)(C)C(=O)O)n2Cc1ccc(Cl)cc1,weakly active,629.2630000000001,8.665200000000004,1.0,6.0,5.7435227937583235
328,CHEMBL594105,CC(C)(C)Sc1c(CC(C)(C)C(=O)O)n(Cc2ccc(Cl)cc2)c2ccc(OC[C@@H]3CCCN3)cc12,weakly active,529.1460000000002,7.017700000000007,2.0,5.0,5.0
329,CHEMBL596178,CC(C)(C)Sc1c(CC(C)(C)C(=O)O)n(Cc2ccc(Cl)cc2)c2ccc(OC[C@@H]3CCCN3S(C)(=O)=O)cc12,weakly active,607.2380000000002,6.689700000000007,1.0,6.0,6.355561410532162
330,CHEMBL594104,CC(C)(C)Sc1c(CC(C)(C)C(=O)O)n(Cc2ccc(Cl)cc2)c2ccc(OC[C@@H]3CCC(=O)N3)cc12,weakly active,543.1290000000002,6.544300000000006,2.0,5.0,6.210419287835575
331,CHEMBL594303,CC(=O)N[C@H](COc1ccc2c(c1)c(SC(C)(C)C)c(CC(C)(C)C(=O)O)n2Cc1ccc(Cl)cc1)c1ccccc1,weakly active,607.2160000000003,8.143100000000008,2.0,5.0,6.235823867609669
332,CHEMBL610186,CC(C)(C)Sc1c(CC(C)(C)C(=O)O)n(Cc2ccc(Cl)cc2)c2ccc(OC[C@@H]3CCCN3C(=O)C3CC3)cc12,weakly active,597.2210000000001,7.6667000000000085,1.0,5.0,7.301029995663981
333,CHEMBL604477,CC(C)C(=O)N1CCC[C@H]1COc1ccc2c(c1)c(SC(C)(C)C)c(CC(C)(C)C(=O)O)n2Cc1ccc(Cl)cc1,weakly active,599.2370000000004,7.912700000000009,1.0,5.0,6.730487055782084
334,CHEMBL610187,CC(C)(C)Sc1c(CC(C)(C)C(=O)O)n(Cc2ccc(Cl)cc2)c2ccc(OC[C@@H]3CCCN3C(=O)c3ccccc3)cc12,weakly active,633.2540000000002,8.570500000000004,1.0,5.0,5.871277715661574
335,CHEMBL595089,CC(C)(C)OC(=O)N1c2ccccc2C[C@H]1COc1ccc2c(c1)c(SC(C)(C)C)c(CC(C)(C)C(=O)O)n2Cc1ccc(Cl)cc1,weakly active,677.3070000000002,9.6321,1.0,6.0,5.958607314841775
336,CHEMBL594794,CC(C)(C)Sc1c(CC(C)(C)C(=O)O)n(Cc2ccc(Cl)cc2)c2ccc(OC[C@@H]3Cc4ccccc4N3)cc12,weakly active,577.1900000000002,8.302500000000007,2.0,5.0,7.070581074285707
337,CHEMBL609878,CC(C)(C)OC(=O)N1c2ccccc2C[C@@H]1COc1ccc2c(c1)c(SC(C)(C)C)c(CC(C)(C)C(=O)O)n2Cc1ccc(Cl)cc1,weakly active,677.3070000000002,9.6321,1.0,6.0,5.0
338,CHEMBL593390,CC(=O)N1c2ccccc2C[C@H]1COc1ccc2c(c1)cc(CC(C)(C)C(=O)O)n2Cc1ccc(Cl)cc1,weakly active,531.0520000000002,6.352900000000006,1.0,4.0,6.661543506395395
339,CHEMBL594551,CC(=O)N1c2ccccc2C[C@H]1COc1ccc2c(c1)c(C(=O)c1ccccc1)c(CC(C)(C)C(=O)O)n2Cc1ccc(Cl)cc1,weakly active,635.1600000000002,7.583900000000008,1.0,5.0,5.0
340,CHEMBL610470,CC(=O)N1c2ccccc2C[C@H]1COc1ccc2c(c1)c([S+]([O-])C(C)(C)C)c(CC(C)(C)C(=O)O)n2Cc1ccc(Cl)cc1,weakly active,635.2260000000002,7.259000000000008,1.0,5.0,7.130768280269024
341,CHEMBL1289558,CC[C@](O)(c1cn(Cc2ccc3c(-c4ccc(F)cc4)c(C(N)=O)sc3c2)nn1)C(F)(F)F,weakly active,478.4710000000001,4.6060000000000025,2.0,6.0,4.698970004336019
342,CHEMBL1922526,COc1ccc(-c2ccc(Cn3c(CC(C)(C)C(=O)O)c(SC(C)(C)C)c4cc(OCc5ccc6ccc(F)cc6n5)ccc43)cc2)cn1,weakly active,677.8420000000001,9.570399999999998,1.0,7.0,6.485452247339714
343,CHEMBL1922527,COc1ccc(-c2ccc(Cn3c(CC(C)(C)C(=O)O)c(SC(C)(C)C)c4cc(OCc5ccc6cc(C)ccc6n5)ccc43)cc2)cn1,weakly active,673.879,9.739719999999997,1.0,7.0,6.8297382846050425
344,CHEMBL1922529,COc1ccc(-c2ccc(Cn3c(CC(C)(C)C(=O)O)c(SC(C)(C)C)c4cc(OCc5cc6ccccc6[nH]5)ccc43)cc2)cn1,weakly active,647.8410000000001,9.364400000000002,2.0,6.0,5.903089986991944
345,CHEMBL1922644,COc1ccc(-c2ccc(Cn3c(CC(C)(C)C(=O)O)c(SC(C)(C)C)c4cc(OCc5ncc(C)cc5C)ccc43)cc2)cn1,weakly active,637.8460000000001,8.894940000000004,1.0,7.0,7.226945306635737
346,CHEMBL1922648,COc1ccc(-c2ccc(Cn3c(CC(C)(C)C(=O)O)c(SC(C)(C)C)c4cc(OCc5ccc(C(N)=O)cn5)ccc43)cc2)cn1,weakly active,652.8170000000001,7.377000000000008,2.0,8.0,5.485452247339714
347,CHEMBL1922650,COc1ccc(-c2ccc(Cn3c(CC(C)(C)C(=O)O)c(SC(C)(C)C)c4cc(OCc5cc(C)on5)ccc43)cc2)cn1,weakly active,613.7800000000002,8.179520000000007,1.0,8.0,6.943095148663527
348,CHEMBL1922651,COc1ccc(-c2ccc(Cn3c(CC(C)(C)C(=O)O)c(SC(C)(C)C)c4cc(OCc5cc(C)n(C)n5)ccc43)cc2)cn1,weakly active,626.8230000000001,7.925020000000009,1.0,8.0,5.795880017344075
349,CHEMBL1922652,COc1ccc(-c2ccc(Cn3c(CC(C)(C)C(=O)O)c(SC(C)(C)C)c4cc(OCc5cc(C)nn5C)ccc43)cc2)cn1,weakly active,626.8230000000001,7.925020000000009,1.0,8.0,5.607303046740334
350,CHEMBL1922668,CCOc1ccc(-c2ccc(Cn3c(CC(C)(C)C(=O)O)c(SC(C)(C)C)c4cc(OCc5ccc(C)c[n+]5[O-])ccc43)cc2)cn1,weakly active,653.8450000000001,8.215020000000008,1.0,7.0,7.048176964684088
351,CHEMBL1922669,CCOc1ccc(-c2ccc(Cn3c(CC(C)(C)C(=O)O)cc4cc(OCc5ccc(C)cn5)ccc43)cc2)cn1,weakly active,549.6710000000002,7.0860200000000075,1.0,6.0,6.6595558851598815
352,CHEMBL1922670,CCOc1ccc(-c2ccc(Cn3c(CC(C)(C)C(=O)O)c([S+]([O-])C(C)(C)C)c4cc(OCc5ccc(C)cn5)ccc43)cc2)cn1,weakly active,653.8450000000001,7.992120000000009,1.0,7.0,6.252588192113577
353,CHEMBL1922672,CCOc1ccc(-c2ccc(Cn3c(CC(C)(C)C(=O)O)c(C(=O)Cc4ccccc4)c4cc(OCc5ccc(C)cn5)ccc43)cc2)cn1,weakly active,667.8060000000002,8.511420000000005,1.0,7.0,4.647817481888637
354,CHEMBL93,CC(c1cc2ccccc2s1)N(O)C(N)=O,weakly active,236.29599999999996,2.7321999999999997,2.0,3.0,5.657577319177793
355,CHEMBL2031444,COC(=O)c1ccc(OCc2ccc3ccccc3n2)cc1C(C)(C)c1ccccc1,weakly active,411.50100000000015,5.926300000000006,0.0,4.0,7.236572006437063
356,CHEMBL2031445,CCC(CC)(c1ccccc1)c1cc(OCc2ccc3ccccc3n2)ccc1C(=O)OC,weakly active,439.5550000000002,6.706500000000006,0.0,4.0,7.017728766960431
357,CHEMBL2031454,COC(=O)c1ccc(OCc2ccc3ccccc3n2)cc1C1(c2ccccc2)CC(F)(F)C1,weakly active,459.4920000000002,6.315600000000004,0.0,4.0,7.301029995663981
358,CHEMBL2036157,Cc1ccc(-n2c(SCC(=O)Nc3ccc(Cl)cc3C)nnc2-c2ccc(C(C)(C)C)cc2)cc1,weakly active,505.0870000000003,7.232840000000007,1.0,5.0,5.0
359,CHEMBL2036158,CC(C)(C)c1ccc(-c2nnc(SCC(=O)Nc3ccc(Cl)c(Cl)c3)n2-c2ccc(Cl)cc2)cc1,weakly active,545.9230000000002,7.922800000000005,1.0,5.0,5.0
360,CHEMBL2036159,Cc1ccc(-n2c(SCC(=O)NCC(C)C)nnc2-c2ccc(C(C)(C)C)cc2)cc1,weakly active,436.62500000000017,5.404520000000005,1.0,5.0,5.0
361,CHEMBL2036160,Oc1cc(OCc2ccccc2Cl)ccc1-c1[nH]nc(C(F)(F)F)c1-c1ccc(Cl)cc1,weakly active,479.2850000000001,7.353900000000004,2.0,3.0,5.055517327849831
362,CHEMBL2036161,COc1ccc(-c2c(C)n[nH]c2-c2ccc(OCc3c(Cl)cccc3Cl)cc2O)cc1OC,weakly active,485.3670000000002,6.660720000000006,2.0,5.0,5.040958607678906
363,CHEMBL2036162,Cc1ccc2c(c1)C(=O)C1C(O2)C(=O)N(CCCOC(C)C)C1c1ccc(Cl)c(Cl)c1,weakly active,462.37300000000016,5.260320000000005,0.0,4.0,5.0
364,CHEMBL2036163,CC(C)Cc1ccc(C(C)c2nc3ccccc3n2Cc2ccccc2Cl)cc1,weakly active,402.96900000000005,7.0883000000000065,0.0,2.0,6.508638306165727
365,CHEMBL2036164,Cc1ccccc1COc1ccc(-c2onc(C)c2-c2ccc(Cl)cc2)c(O)c1,weakly active,405.8810000000001,6.563440000000006,1.0,4.0,5.356547323513812
366,CHEMBL314360,CC(=O)N(O)C/C=C/c1cccc(Oc2ccccc2)c1,weakly active,283.327,3.7298000000000027,1.0,3.0,6.958607314841775
367,CHEMBL2036165,CC(C)Cc1ccc(C(C)c2nc3ccccc3n2Cc2ccccc2)cc1,weakly active,368.52400000000006,6.434900000000007,0.0,2.0,6.008773924307505
368,CHEMBL2036166,CC(C)Cc1ccc(C(C)c2nc3ccccc3n2Cc2ccc(Cl)cc2)cc1,weakly active,402.96900000000005,7.0883000000000065,0.0,2.0,5.318758762624412
369,CHEMBL2036167,CC(C)Cc1ccc(C(C)c2nc3ccccc3n2Cc2ccc(Br)cc2)cc1,weakly active,447.4200000000001,7.197400000000006,0.0,2.0,5.221848749616356
370,CHEMBL2036168,CC(C)Cc1ccc(C(C)c2nc3ccccc3n2Cc2ccc(F)cc2)cc1,weakly active,386.51400000000007,6.574000000000006,0.0,2.0,5.468521082957745
371,CHEMBL2034994,CC(C)Cc1ccc(C(C)c2nc3ccccc3n2Cc2ccc(I)cc2)cc1,weakly active,494.4200000000001,7.0395000000000065,0.0,2.0,5.301029995663981
372,CHEMBL2036169,CC(C)Cc1ccc(C(C)c2nc3ccccc3n2Cc2ccc(C(F)(F)F)cc2)cc1,weakly active,436.5210000000001,7.453700000000007,0.0,2.0,5.309803919971486
373,CHEMBL2036170,CC(C)Cc1ccc(C(C)c2nc3ccccc3n2Cc2ccc(C#N)cc2)cc1,weakly active,393.5340000000001,6.3065800000000065,0.0,3.0,5.638272163982407
374,CHEMBL2036171,Cc1ccc(Cn2c(C(C)c3ccc(CC(C)C)cc3)nc3ccccc32)cc1,weakly active,382.5510000000001,6.743320000000006,0.0,2.0,5.5376020021010435
375,CHEMBL2036172,COc1ccc(Cn2c(C(C)c3ccc(CC(C)C)cc3)nc3ccccc32)cc1,weakly active,398.55000000000007,6.4435000000000064,0.0,3.0,5.42021640338319
376,CHEMBL2036173,CC(C)Cc1ccc(C(C)c2nc3ccccc3n2Cc2ccc(C(C)C)cc2)cc1,weakly active,410.60500000000013,7.558300000000008,0.0,2.0,5.142667503568732
377,CHEMBL2036174,CC(C)Cc1ccc(C(C)c2nc3ccccc3n2Cc2ccc(C(C)(C)C)cc2)cc1,weakly active,424.6320000000002,7.732400000000008,0.0,2.0,5.0
378,CHEMBL2036175,COC(=O)c1ccc(Cn2c(C(C)c3ccc(CC(C)C)cc3)nc3ccccc32)cc1,weakly active,426.5600000000001,6.221500000000006,0.0,4.0,5.0
379,CHEMBL2036176,Cc1ccccc1Cn1c(C(C)c2ccc(CC(C)C)cc2)nc2ccccc21,weakly active,382.5510000000001,6.743320000000007,0.0,2.0,6.301029995663981
380,CHEMBL2036177,CC(C)Cc1ccc(C(C)c2nc3ccccc3n2Cc2ccccc2F)cc1,weakly active,386.51400000000007,6.574000000000006,0.0,2.0,6.154901959985743
381,CHEMBL2036178,CC(C)Cc1ccc(C(C)c2nc3ccccc3n2Cc2ccccc2C#N)cc1,weakly active,393.5340000000001,6.3065800000000065,0.0,3.0,6.346787486224656
382,CHEMBL2036179,CC(C)Cc1ccc(C(C)c2nc3ccccc3n2Cc2ccccc2O)cc1,weakly active,384.5230000000001,6.1405000000000065,1.0,3.0,5.346787486224656
383,CHEMBL2036180,CC(=O)Oc1ccccc1Cn1c(C(C)c2ccc(CC(C)C)cc2)nc2ccccc21,weakly active,426.5600000000001,6.360200000000006,0.0,4.0,6.6020599913279625
384,CHEMBL2036181,COc1ccccc1Cn1c(C(C)c2ccc(CC(C)C)cc2)nc2ccccc21,weakly active,398.55000000000007,6.443500000000006,0.0,3.0,6.356547323513812
385,CHEMBL2036182,CC(C)Cc1ccc(C(C)c2nc3ccccc3n2Cc2ccccc2C(F)(F)F)cc1,weakly active,436.5210000000001,7.453700000000007,0.0,2.0,6.6020599913279625
386,CHEMBL2036183,CC(C)Cc1ccc(C(C)c2nc3ccccc3n2Cc2cccc(F)c2)cc1,weakly active,386.51400000000007,6.574000000000006,0.0,2.0,5.3979400086720375
387,CHEMBL2036186,CC(C)Cc1ccc(C(C)c2nc3ccccc3n2Cc2ccc(Cl)cc2Cl)cc1,weakly active,437.4140000000001,7.741700000000006,0.0,2.0,6.301029995663981
388,CHEMBL2036187,CC(C)Cc1ccc(C(C)c2nc3ccccc3n2Cc2c(Cl)cccc2Cl)cc1,weakly active,437.4140000000001,7.741700000000006,0.0,2.0,5.356547323513812
389,CHEMBL2036188,CCOc1ccc(Cn2c(C(C)c3ccc(CC(C)C)cc3)nc3ccccc32)cc1OCC,weakly active,456.6300000000002,7.2323000000000075,0.0,4.0,5.0
390,CHEMBL2036189,COc1ccc(Cn2c(C(C)c3ccc(CC(C)C)cc3)nc3ccccc32)c(OC)c1OC,weakly active,458.6020000000002,6.460700000000007,0.0,5.0,5.026872146400302
391,CHEMBL2036190,CC(C)Cc1ccc(C(C)c2nc3ccccc3n2Cc2ccccn2)cc1,weakly active,369.51200000000006,5.8299000000000065,0.0,3.0,5.6020599913279625
392,CHEMBL2036191,CC(C)Cc1ccc(C(C)c2nc3ccccc3n2Cc2cccnc2)cc1,weakly active,369.51200000000006,5.8299000000000065,0.0,3.0,5.552841968657781
393,CHEMBL2036192,CC(C)Cc1ccc(C(C)c2nc3ccccc3n2Cc2ccncc2)cc1,weakly active,369.51200000000006,5.8299000000000065,0.0,3.0,5.709965388637482
394,CHEMBL2036193,CC(C)Cc1ccc(C(C)c2nc3ccccc3n2Cc2ccc3ccccc3n2)cc1,weakly active,419.5720000000001,6.983100000000007,0.0,3.0,5.356547323513812
395,CHEMBL2036194,CC(C)Cc1ccc(C(C)c2nc3ccccc3n2C(=O)c2ccccc2Cl)cc1,weakly active,416.9520000000001,6.728500000000006,0.0,3.0,5.0
396,CHEMBL2036195,CC(C)Cc1ccc(C(C)c2nc3ccccc3n2C(=O)c2ccccc2)cc1,weakly active,382.50700000000006,6.075100000000006,0.0,3.0,5.0
397,CHEMBL2036196,CC(C)Cc1ccc(C(C)c2nc3ccccc3n2C(=O)c2cccc(Cl)c2)cc1,weakly active,416.9520000000001,6.728500000000006,0.0,3.0,5.0
398,CHEMBL2036197,CC(=O)Oc1ccccc1C(=O)n1c(C(C)c2ccc(CC(C)C)cc2)nc2ccccc21,weakly active,440.5430000000002,6.000400000000006,0.0,5.0,5.221848749616356
399,CHEMBL2036373,COC(=O)Cn1c(C(C)c2ccc(CC(C)C)cc2)nc2ccccc21,weakly active,350.46200000000005,4.559600000000004,0.0,4.0,5.0
400,CHEMBL2036371,CC(C)Cc1ccc(C(C)c2nc3ccccc3n2CC(=O)O)cc1,weakly active,336.43500000000006,4.471200000000003,1.0,3.0,5.0
401,CHEMBL2036372,CC(C)Cc1ccc(Cc2nc3ccccc3n2Cc2ccccc2Cl)cc1,weakly active,388.942,6.527300000000006,0.0,2.0,6.301029995663981
402,CHEMBL2036374,CC(C)Cc1ccc(C(C)(C)c2nc3ccccc3n2Cc2ccccc2Cl)cc1,weakly active,416.9960000000001,7.262400000000007,0.0,2.0,6.154901959985743
403,CHEMBL2036375,Cc1ccc(C(C)c2nc3ccccc3n2Cc2ccccc2Cl)cc1,weakly active,360.88800000000003,6.1982200000000045,0.0,2.0,5.552841968657781
404,CHEMBL2036376,CC(c1ccc(C(=O)c2ccccc2)cc1)c1nc2ccccc2n1Cc1ccccc1Cl,weakly active,450.96900000000016,7.120800000000006,0.0,3.0,5.522878745280337
405,CHEMBL2036377,COc1ccc2c(c1)nc(C(C)c1ccc(CC(C)C)cc1)n2Cc1ccccc1Cl,weakly active,432.9950000000001,7.096900000000007,0.0,3.0,6.920818753952375
406,CHEMBL2036378,CC(C)Cc1ccc(C(C)c2nc3cc(O)ccc3n2Cc2ccccc2Cl)cc1,weakly active,418.9680000000001,6.793900000000007,1.0,3.0,6.721246399047171
407,CHEMBL2036379,CC(C)Cc1ccc(C(C)c2nc3cc(OCc4ccccn4)ccc3n2Cc2ccccc2Cl)cc1,weakly active,510.08100000000013,8.062300000000008,0.0,4.0,6.7447274948966935
408,CHEMBL2036380,CC(C)Cc1ccc(C(C)c2nc3cc(OCc4ccc5ccccc5n4)ccc3n2Cc2ccccc2Cl)cc1,weakly active,560.1410000000002,9.2155,0.0,4.0,5.0
409,CHEMBL2036381,CC(C)Cc1ccc(C(C)c2nc3cc(Cl)ccc3n2Cc2ccccc2)cc1,weakly active,402.9690000000001,7.088300000000007,0.0,2.0,6.080921907623926
410,CHEMBL2036382,CC(C)Cc1ccc(C(C)c2nc3cc(Cl)ccc3n2Cc2ccccc2Cl)cc1,weakly active,437.4140000000001,7.741700000000007,0.0,2.0,6.795880017344075
411,CHEMBL3417416,Nc1ncc(-c2ccc(C3(c4noc(-c5ccnnc5)n4)CCC3)cc2)cn1,weakly active,371.4040000000001,3.035800000000001,1.0,8.0,6.619788758288394
412,CHEMBL3417415,Nc1ncc(-c2ccc(C3(c4noc(-c5cccnc5)n4)CCC3)cc2)cn1,weakly active,370.4160000000001,3.6408000000000023,1.0,7.0,6.6020599913279625
413,CHEMBL3417414,Nc1ncc(-c2ccc(C3(c4noc(-c5ccccc5)n4)CCC3)cc2)cn1,weakly active,369.4280000000001,4.245800000000003,1.0,6.0,6.327902142064283
414,CHEMBL3417413,CS(=O)(=O)Nc1nc(C2(c3ccc(-c4cnc(N)nc4)cc3)CCC2)no1,weakly active,386.4370000000002,1.9503,2.0,8.0,5.301029995663981
415,CHEMBL3417412,CCNc1nc(C2(c3ccc(-c4cnc(N)nc4)cc3)CCC2)no1,weakly active,336.39900000000017,3.010600000000001,2.0,7.0,6.337242168318426
416,CHEMBL3417411,Nc1ncc(-c2ccc(C3(c4noc(N)n4)CCC3)cc2)cn1,weakly active,308.3449999999999,2.1610000000000005,2.0,7.0,6.356547323513812
417,CHEMBL3417529,CC(C)Nc1ncc(-c2ccc([C@](C)(c3noc(-c4cnn(CC(=O)N(C)C)c4)n3)C3CC3)cc2)cn1,weakly active,500.60700000000026,4.014600000000003,1.0,9.0,6.0
418,CHEMBL3417528,CCNc1ncc(-c2ccc(C(C)(c3noc(-c4cnn(CC(=O)N(C)C)c4)n3)C3CC3)cc2)cn1,weakly active,486.5800000000002,3.6261000000000028,1.0,9.0,6.431798275933005
419,CHEMBL3417523,Cn1cc(-c2nc([C@](C)(c3ccc(-c4cnc(N)nc4)cc3)C3CCC3)no2)cn1,weakly active,401.47400000000016,3.615400000000002,1.0,8.0,6.853871964321762
420,CHEMBL3417514,Cn1cc(-c2nc(C3(c4ccc(-c5cnc(N)nc5)cc4)CC3)no2)cn1,weakly active,359.39300000000014,2.5892,1.0,8.0,7.0
421,CHEMBL3417512,Cn1cc(-c2nc(Cc3ccc(-c4cnc(N)nc4)cc3)no2)cn1,weakly active,333.3550000000001,2.1000999999999994,1.0,8.0,6.0
422,CHEMBL3781057,Cc1ccccc1COc1ccc(-c2onc(C(=O)O)c2-c2ccc(Cl)cc2)cc1,weakly active,419.86400000000003,6.247620000000005,1.0,4.0,5.769551078621726
423,CHEMBL3780876,O=C(O)c1noc(-c2ccc(OCc3cccc(F)c3)cc2)c1-c1ccc(Cl)cc1,weakly active,423.8270000000001,6.078300000000003,1.0,4.0,5.886056647693163
424,CHEMBL3780411,Cc1ccc(COc2ccc(-c3onc(C(=O)O)c3-c3ccc(Cl)cc3)cc2)cc1,weakly active,419.86400000000015,6.247620000000005,1.0,4.0,5.853871964321762
425,CHEMBL3780838,N#Cc1cccc(COc2ccc(-c3onc(C(=O)O)c3-c3ccc(Cl)cc3)cc2)c1,weakly active,430.8470000000001,5.810880000000004,1.0,5.0,5.3872161432802645
426,CHEMBL3781627,O=C(O)c1noc(-c2ccc(OCc3ccccc3Cl)cc2)c1-c1ccc(Cl)cc1,weakly active,440.28200000000015,6.592600000000004,1.0,4.0,5.920818753952375
427,CHEMBL3779965,O=C(O)c1noc(-c2ccc(OCc3ccccc3C(F)(F)F)cc2)c1-c1ccc(Cl)cc1,weakly active,473.83400000000006,6.958000000000004,1.0,4.0,6.113509274827518
428,CHEMBL3780610,O=C(O)c1noc(-c2ccc(OCc3ccccn3)cc2)c1-c1ccc(Cl)cc1,weakly active,406.82500000000005,5.334200000000003,1.0,5.0,5.3872161432802645
429,CHEMBL3781006,O=C(O)c1noc(-c2ccc(OCc3ccc4ccccc4n3)cc2)c1-c1ccc(Cl)cc1,weakly active,456.8850000000001,6.487400000000004,1.0,5.0,6.619788758288394
430,CHEMBL3781044,O=C(O)c1noc(-c2ccc(OCc3nc4ccccc4s3)cc2)c1-c1ccc(Cl)cc1,weakly active,462.9140000000001,6.548900000000004,1.0,6.0,6.619788758288394
431,CHEMBL3781585,CCOC(=O)c1noc(-c2ccc(OCc3ccccc3C)cc2)c1-c1ccc(Cl)cc1,weakly active,447.9180000000001,6.726120000000005,0.0,5.0,5.0
432,CHEMBL3897558,CC(C)Cc1ccc(C(C)c2nc3cc(OCc4ccccn4)ccc3n2Cc2ccccc2C(F)(F)F)cc1,weakly active,543.6330000000002,8.427700000000005,0.0,4.0,6.823908740944319
433,CHEMBL3927809,C=CCOc1ccc2c(c1)nc(C(C)c1ccc(CC(C)C)cc1)n2Cc1ccccc1C(F)(F)F,weakly active,492.58500000000015,8.018500000000007,0.0,3.0,6.769551078621726
434,CHEMBL3945688,COC(=O)COc1ccc2c(c1)nc(C(C)c1ccc(CC(C)C)cc1)n2Cc1ccccc1C(F)(F)F,weakly active,524.5830000000003,7.005500000000006,0.0,5.0,6.6777807052660805
435,CHEMBL3983042,CC(C)Cc1ccc(C(C)c2nc3cc(OCc4ccccc4C#N)ccc3n2Cc2ccccc2Cl)cc1,weakly active,534.1030000000002,8.538980000000004,0.0,4.0,6.920818753952375
436,CHEMBL3954390,CC(C)Cc1ccc(C(C)c2nc3cc(C#N)ccc3n2Cc2ccccc2Cl)cc1,weakly active,427.97900000000016,6.959980000000006,0.0,3.0,7.154901959985743
437,CHEMBL3684685,CS(=O)(=O)c1cccc(-c2nc(C3(c4ccc(-c5cnc(N)nc5)nc4)CCC3)no2)c1,weakly active,448.5080000000002,3.0443000000000016,1.0,9.0,7.107905397309519
438,CHEMBL3684688,Nc1ncc(-c2ccc(C3(c4noc(-c5c[nH]nn5)n4)CCC3)cn2)cn1,weakly active,361.36900000000014,1.7588999999999997,2.0,9.0,6.853871964321762
439,CHEMBL3684689,CN(C)c1nc(C2(c3ccc(-c4cnc(N)nc4)nc3)CCC2)no1,weakly active,337.38700000000017,2.0397999999999996,1.0,8.0,6.552841968657781
440,CHEMBL3684693,Nc1ncc(-c2ccc(C3(c4noc(-c5cccc(S(N)(=O)=O)c5)n4)CCC3)cn2)cn1,weakly active,449.4960000000002,2.2882000000000007,2.0,9.0,7.236572006437063
441,CHEMBL3684698,Nc1ncc(-c2ccc(C3(c4noc(-c5cocn5)n4)CCC3)cn2)cn1,weakly active,361.3650000000001,2.628800000000001,1.0,9.0,6.958607314841775
442,CHEMBL3684700,Cn1cc(-c2nc(C3(c4ccc(-c5cnc(N)nc5)nc4)CCC3)no2)ccc1=O,weakly active,401.43000000000023,2.3395,1.0,9.0,6.958607314841775
443,CHEMBL3684711,Cn1cnnc1-c1nc(C2(c3ccc(-c4cnc(N)nc4)nc3)CCC2)no1,weakly active,375.3960000000002,1.7692999999999997,1.0,10.0,6.958607314841775
444,CHEMBL3684733,CN(C)C(=O)Cn1cc(-c2nc(C3(c4ccc(-c5cnc(N)nc5)nc4)CCC3)no2)cn1,weakly active,445.4870000000002,1.9254999999999993,1.0,10.0,7.080921907623926
445,CHEMBL3684739,CC(C)(C(=O)O)n1cc(-c2nc(C3(c4ccc(-c5cnc(N)nc5)nc4)CCC3)no2)cn1,weakly active,446.47100000000023,2.657000000000001,2.0,10.0,6.229147988357855
446,CHEMBL3684744,NC(=O)Cn1cc(-c2nc(C3(c4ccc(-c5cnc(N)nc5)nc4)CCC3)no2)cn1,weakly active,417.43300000000016,1.3225999999999987,2.0,10.0,6.823908740944319
447,CHEMBL3684745,CS(=O)(=O)Cn1cc(-c2nc(C3(c4ccc(-c5cnc(N)nc5)nc4)CCC3)no2)cn1,weakly active,452.5000000000002,1.8394,1.0,11.0,7.236572006437063
448,CHEMBL3684746,Nc1ncc(-c2ccc(C3(c4noc(-c5cccnc5)n4)CCOCC3)cn2)cn1,weakly active,401.4300000000002,2.662300000000001,1.0,9.0,6.214670164989233
449,CHEMBL3684750,Nc1ncc(-c2ccc(C3(c4noc(N5CCCC5)n4)CCC3)cn2)cn1,weakly active,363.42500000000007,2.5740000000000007,1.0,8.0,7.036212172654444
450,CHEMBL3684751,Cn1cccc(-c2nc(C3(c4ccc(-c5cnc(N)nc5)nc4)CCC3)no2)c1=O,weakly active,401.43000000000023,2.3395,1.0,9.0,7.292429823902063
451,CHEMBL3684755,N#Cc1ccc(-c2nc(C3(c4ccc(-c5cnc(N)nc5)nc4)CCC3)no2)cn1,weakly active,396.41400000000016,2.9074800000000014,1.0,9.0,7.2839966563652006
452,CHEMBL3689096,Nc1ncc(-c2ccc(C3(c4noc(-c5ccncc5)n4)CCC3)cn2)cn1,weakly active,371.4040000000001,3.035800000000001,1.0,8.0,7.259637310505756
453,CHEMBL3689101,Nc1ncc(-c2ccc(C3(c4noc(-c5ccncn5)n4)CCC3)cn2)cn1,weakly active,372.3920000000001,2.4308000000000005,1.0,9.0,6.886056647693163
454,CHEMBL3689107,Nc1ncc(-c2ccc(C3(c4noc(-c5cnco5)n4)CCC3)cn2)cn1,weakly active,361.3650000000001,2.628800000000001,1.0,9.0,6.958607314841775
455,CHEMBL3689109,Nc1ncc(-c2ccc(C3(c4noc(-c5cncnc5)n4)CCC3)cn2)cn1,weakly active,372.3920000000001,2.4308000000000005,1.0,9.0,6.920818753952375
456,CHEMBL3689112,Nc1ncc(-c2ccc(C3(c4noc(-c5ccnnc5)n4)CCC3)cn2)cn1,weakly active,372.3920000000001,2.4308000000000005,1.0,9.0,6.958607314841775
457,CHEMBL3689115,Nc1ncc(-c2ccc(C3(c4noc(-c5cnccc5O)n4)CCC3)cn2)cn1,weakly active,387.40300000000013,2.7414000000000005,2.0,9.0,6.721246399047171
458,CHEMBL3689127,CS(=O)(=O)c1ccc(-c2nc(C3(c4ccc(-c5cnc(N)nc5)nc4)CCC3)no2)cn1,weakly active,449.4960000000002,2.4393000000000002,1.0,10.0,7.2076083105017466
459,CHEMBL3689128,Nc1ncc(-c2ccc(C3(c4noc(-c5nc[nH]n5)n4)CCC3)cn2)cn1,weakly active,361.36900000000014,1.7588999999999997,2.0,9.0,6.698970004336019
460,CHEMBL3689136,Nc1ncc(-c2ccc(C3(c4noc(-c5cccnc5N5CCOCC5)n4)CCC3)cn2)cn1,weakly active,456.51000000000033,2.8724000000000016,1.0,10.0,7.180456064458132
461,CHEMBL3689139,Cn1cnc(-c2nc(C3(c4ccc(-c5cnc(N)nc5)nc4)CCC3)no2)c1,weakly active,374.4080000000002,2.3743000000000007,1.0,9.0,7.2839966563652006
462,CHEMBL3689142,Cn1cc(-c2nc(C3(c4ccc(-c5cnc(N)nc5)cn4)CCC3)no2)cn1,weakly active,374.4080000000002,2.3743,1.0,9.0,7.0915149811213505
463,CHEMBL3689143,Cc1cc(-c2nc(C3(c4ccc(-c5cnc(N)nc5)cn4)CCOCC3)no2)n(C)n1,weakly active,418.46100000000024,2.30922,1.0,10.0,6.267606240177032
464,CHEMBL3689144,Nc1ncc(-c2ccc(C3(c4noc(-c5cccnc5)n4)CCOCC3)nc2)cn1,weakly active,401.4300000000002,2.662300000000001,1.0,9.0,6.236572006437063
465,CHEMBL3689145,Nc1ncc(-c2ccc(C3(c4noc(-c5ccncc5)n4)CCOCC3)nc2)cn1,weakly active,401.4300000000002,2.662300000000001,1.0,9.0,6.013228265733755
466,CHEMBL3689154,CC(C)(Cn1cc(-c2nc(C3(c4ccc(-c5cnc(N)nc5)nc4)CCC3)no2)cn1)C(N)=O,weakly active,459.51400000000024,2.3487999999999998,2.0,10.0,7.187086643357144
467,CHEMBL3689155,CC(C)(C(N)=O)n1cc(-c2nc(C3(c4ccc(-c5cnc(N)nc5)nc4)CCC3)no2)cn1,weakly active,445.48700000000025,2.0576999999999996,2.0,10.0,6.795880017344075
468,CHEMBL3689156,CC(C)(N)Cn1cc(-c2nc(C3(c4ccc(-c5cnc(N)nc5)nc4)CCC3)no2)cn1,weakly active,431.5040000000002,2.574600000000001,2.0,10.0,7.167491087293763
469,CHEMBL3689160,Nc1ncc(-c2ccc(C3(c4noc(N5CCC(O)CC5)n4)CCC3)cn2)cn1,weakly active,393.4510000000002,1.9349,2.0,9.0,6.769551078621726
470,CHEMBL3689161,Nc1ncc(-c2ccc(C3(c4noc(-c5cnn(CC(=O)NC6CC6)c5)n4)CCC3)cn2)cn1,weakly active,457.4980000000002,2.1159,2.0,10.0,7.200659450546418
471,CHEMBL3689162,Nc1ncc(-c2ccc(C3(c4noc(-c5cnn(CC(=O)NCC6CCCO6)c5)n4)CCC3)cn2)cn1,weakly active,501.55100000000033,2.1324999999999994,2.0,11.0,7.013228265733755
472,CHEMBL3689163,CC(C)NC(=O)Cn1cc(-c2nc(C3(c4ccc(-c5cnc(N)nc5)nc4)CCC3)no2)cn1,weakly active,459.51400000000024,2.3619000000000003,2.0,10.0,7.102372908709558
473,CHEMBL3689164,CCNC(=O)Cn1cc(-c2nc(C3(c4ccc(-c5cnc(N)nc5)nc4)CCC3)no2)cn1,weakly active,445.4870000000002,1.9733999999999996,2.0,10.0,7.0
474,CHEMBL3689165,CN(CC1CCCO1)C(=O)Cn1cc(-c2nc(C3(c4ccc(-c5cnc(N)nc5)nc4)CCC3)no2)cn1,weakly active,515.5780000000003,2.4746999999999995,1.0,11.0,7.080921907623926
475,CHEMBL3689166,CN(C(=O)Cn1cc(-c2nc(C3(c4ccc(-c5cnc(N)nc5)nc4)CCC3)no2)cn1)C1CC1,weakly active,471.5250000000003,2.4581,1.0,10.0,7.022276394711152
476,CHEMBL3689167,COC1CCN(C(=O)Cn2cc(-c3nc(C4(c5ccc(-c6cnc(N)nc6)nc5)CCC4)no3)cn2)C1,weakly active,501.55100000000033,2.084599999999999,1.0,11.0,6.6020599913279625
477,CHEMBL3689168,CCN(C)C(=O)Cn1cc(-c2nc(C3(c4ccc(-c5cnc(N)nc5)nc4)CCC3)no2)cn1,weakly active,459.51400000000024,2.3156,1.0,10.0,6.886056647693163
478,CHEMBL3689169,CN(C)C(=O)Cn1cc(-c2nc(C3(c4ccc(-c5ccc(N)nc5)nc4)CCC3)no2)cn1,weakly active,444.4990000000002,2.5305,1.0,9.0,6.958607314841775
479,CHEMBL3689171,CNc1ncc(-c2ccc(C3(c4noc(-c5cnn(CC(C)(C)O)c5)n4)CCC3)cn2)cn1,weakly active,446.5150000000002,3.067700000000001,2.0,10.0,7.136677139879544
480,CHEMBL3689172,CC(C)(O)Cn1cc(-c2nc(C3(c4ccc(-c5cnc(N)c(C#N)c5)nc4)CCC3)no2)cn1,weakly active,456.5100000000003,3.084880000000002,2.0,10.0,6.698970004336019
481,CHEMBL3689173,N#Cc1cc(-c2ccc(C3(c4noc(-c5cnn(C6COC6)c5)n4)CCC3)cn2)cnc1N,weakly active,440.46700000000027,2.885279999999999,1.0,10.0,6.853871964321762
482,CHEMBL3689176,COCCn1cc(-c2nc(C3(c4ccc(-c5cnc(N)cn5)nc4)CCC3)no2)cn1,weakly active,418.4610000000002,2.4837000000000007,1.0,10.0,7.301029995663981
483,CHEMBL3689178,Cc1nc(N)ncc1-c1ccc(C2(c3noc(-c4cnn(CC(C)(C)O)c4)n3)CCC2)cn1,weakly active,446.51500000000027,2.916620000000001,2.0,10.0,6.080921907623926
484,CHEMBL3641473,Cc1ncnn1-c1ccc(C#N)nc1-c1nc2cc(-c3cnc(N)nc3)ccc2n1C1(C)CCC1,weakly active,462.5210000000003,3.7974000000000023,1.0,10.0,7.0655015487564325
485,CHEMBL3641474,COC(=O)c1cccnc1-c1nc2cc(-c3cnc(N)nc3)ccc2n1C(C)(C)C,weakly active,402.45800000000014,3.679100000000002,1.0,8.0,6.267606240177032
486,CHEMBL3641475,CNC(=O)c1cccnc1-c1nc2cc(-c3cnc(N)nc3)ccc2n1C(C)(C)C,weakly active,401.47400000000016,3.252100000000002,2.0,7.0,6.2076083105017466
487,CHEMBL3641476,COC(=O)c1ccc(C#N)nc1-c1nc2cc(-c3cnc(N)nc3)ccc2n1C(C)(C)C,weakly active,427.4680000000002,3.5507800000000023,1.0,9.0,6.958607314841775
488,CHEMBL3641477,CNC(=O)c1ccc(C#N)nc1-c1nc2cc(-c3cnc(N)nc3)ccc2n1C(C)(C)C,weakly active,426.48400000000015,3.1237800000000018,2.0,8.0,6.860120913598763
489,CHEMBL3641479,CC(C)(C)n1c(-c2ccccn2)nc2cc(-c3cnc(N)nc3)ccc21,weakly active,344.4220000000001,3.892500000000002,1.0,6.0,6.154901959985743
490,CHEMBL3641480,CC(C)(C)Oc1cccc(-c2nc3cc(-c4cnc(N)nc4)ccc3n2C(C)(C)C)n1,weakly active,416.5290000000001,5.069800000000004,1.0,7.0,7.292429823902063
491,CHEMBL3641481,CC(C)(C)n1c(-c2cccc(F)n2)nc2cc(-c3cnc(N)nc3)ccc21,weakly active,362.4120000000001,4.031600000000002,1.0,6.0,6.554395796726403
492,CHEMBL3641482,CC(C)(C)n1c(-c2cccc(F)n2)nc2cc(-c3cnc(NCc4cccc(F)n4)nc3)ccc21,weakly active,471.51500000000016,5.595600000000004,1.0,7.0,6.060480747381382
493,CHEMBL3641483,COc1cccnc1-c1nc2cc(-c3cnc(N)nc3)ccc2n1C(C)(C)C,weakly active,374.4480000000001,3.9011000000000022,1.0,7.0,6.017728766960431
494,CHEMBL3641484,COc1cc(-c2nc3cc(-c4cnc(N)nc4)ccc3n2C(C)(C)C)c(F)cn1,weakly active,392.43800000000016,4.040200000000002,1.0,7.0,7.236572006437063
495,CHEMBL3641485,CC(C)(C)n1c(-c2ccncc2)nc2cc(-c3cnc(N)nc3)ccc21,weakly active,344.4220000000001,3.892500000000002,1.0,6.0,6.346787486224656
496,CHEMBL3641486,CC(C)(C)n1c(-c2ccnc(Br)c2)nc2cc(-c3cnc(N)nc3)ccc21,weakly active,423.31800000000015,4.655000000000003,1.0,6.0,6.568636235841013
497,CHEMBL3641495,COc1cncc(-c2nc3cc(-c4cnc(N)nc4)ccc3n2C(C)(C)C)c1,weakly active,374.44800000000015,3.9011000000000022,1.0,7.0,6.522878745280337
498,CHEMBL3641496,CC(C)(C)n1c(-c2ccc(N3CCOCC3)nc2)nc2cc(-c3cnc(N)nc3)ccc21,weakly active,429.52800000000013,3.7291000000000016,1.0,8.0,6.7447274948966935
499,CHEMBL3641497,CC(C)(C)n1c(-c2cccnc2)nc2cc(-c3cnc(N)nc3)ccc21,weakly active,344.4220000000001,3.892500000000002,1.0,6.0,6.266000713461613
500,CHEMBL3641498,COc1ncccc1-c1nc2cc(-c3cnc(N)nc3)ccc2n1C(C)(C)C,weakly active,374.4480000000001,3.9011000000000022,1.0,7.0,6.657577319177793
501,CHEMBL3681320,CC(C)(C)n1c(-c2ccccc2C(=O)O)nc2cc(-c3cnc(N)nc3)ccc21,weakly active,387.4430000000001,4.195700000000002,2.0,6.0,5.853871964321762
502,CHEMBL3681327,CNC(=O)c1ccc(-c2nn[nH]n2)cc1-c1nc2cc(-c3cnc(N)nc3)ccc2n1C(C)(C)C,weakly active,468.52500000000026,3.0372000000000012,3.0,9.0,6.95506845385084
503,CHEMBL3681329,CC(C)(C)n1c(-c2cc(C#N)ccc2C(=O)NS(C)(=O)=O)nc2cc(-c3cnc(N)nc3)ccc21,weakly active,489.56100000000026,3.058580000000001,2.0,9.0,7.2549252084179425
504,CHEMBL3681330,CN(C)C(=O)c1ccc(F)c(-c2nc3cc(-c4cnc(N)nc4)ccc3n2C(C)(C)C)c1,weakly active,432.50300000000016,4.338400000000003,1.0,6.0,6.214670164989233
505,CHEMBL3681332,CC(C)(C)n1c(-c2cc(C(=O)O)ccc2F)nc2cc(-c3cnc(N)nc3)ccc21,weakly active,405.4330000000001,4.334800000000002,2.0,6.0,6.657577319177793
506,CHEMBL3681333,CC(C)(C)n1c(-c2cccc(C(=O)O)c2)nc2cc(-c3cnc(N)nc3)ccc21,weakly active,387.4430000000001,4.195700000000002,2.0,6.0,6.190507623062658
507,CHEMBL3681338,CN(C)CCNC(=O)c1ccccc1-c1nc2cc(-c3cnc(N)nc3)ccc2n1C(C)(C)C,weakly active,457.5820000000002,3.7889000000000026,2.0,7.0,6.853871964321762
508,CHEMBL3681339,CC(C)(C)n1c(-c2ccccc2C(=O)NC2CCNCC2)nc2cc(-c3cnc(N)nc3)ccc21,weakly active,469.59300000000025,3.979300000000002,3.0,7.0,6.337242168318426
509,CHEMBL3681341,CN(C(=O)c1ccccc1-c1nc2cc(-c3cnc(N)nc3)ccc2n1C(C)(C)C)c1ccccn1,weakly active,477.5720000000002,5.169100000000004,1.0,7.0,6.7447274948966935
510,CHEMBL3681342,CC(C)(C)n1c(-c2ccccc2C(=O)N2CCOCC2)nc2cc(-c3cnc(N)nc3)ccc21,weakly active,456.55000000000024,3.9699000000000018,1.0,7.0,6.2839966563652006
511,CHEMBL3681343,CN(C)C(=O)c1ccccc1-c1nc2cc(-c3cnc(N)nc3)ccc2n1C(C)(C)C,weakly active,414.51300000000015,4.199300000000003,1.0,6.0,6.698970004336019
512,CHEMBL3681346,COc1cncc(-c2ccc3c(c2)nc(-c2cccc(C(N)=O)c2)n3C(C)(C)C)c1,weakly active,400.4820000000002,4.627800000000003,1.0,5.0,5.327902142064283
513,CHEMBL4094923,Cc1cc(-c2nc(C3(c4ccc(-c5cnc(N)nc5)cc4)CCC3)no2)[nH]n1,weakly active,373.42000000000013,3.2773200000000005,2.0,7.0,7.096910013008056
514,CHEMBL4060091,CC(C)[C@](C)(c1ccc(-c2cnc(N)nc2)nc1)c1noc(-c2cnn(CC(=O)N(C)C)c2)n1,weakly active,461.5300000000002,2.4175000000000004,1.0,10.0,7.267606240177032
515,CHEMBL4099001,CC1(O)CCN(c2nc([C@@](C)(c3ccc(-c4cnc(N)nc4)nc3)C3CC3)no2)CC1,weakly active,421.5050000000003,2.5710000000000006,2.0,9.0,7.013228265733755
516,CHEMBL4098074,C[C@@](c1ccc(-c2cnc(N)nc2)nc1)(c1noc(N2CCC(O)CC2)n1)C1CC1,weakly active,407.4780000000003,2.1808999999999994,2.0,9.0,6.36251027048749
517,CHEMBL4068263,CC(C)(O)CN1CCN(c2nc([C@@](C)(c3ccc(-c4cnc(N)nc4)cc3)C3CC3)no2)CC1,weakly active,463.5860000000003,2.7177000000000007,2.0,9.0,7.275724130399211
518,CHEMBL4088690,Nc1ncc(-c2ccc(C3(c4noc(N5CC(O)C5)n4)CCC3)cc2)cn1,weakly active,364.4090000000001,1.7597,2.0,8.0,6.795880017344075
519,CHEMBL4065666,Nc1ncc(-c2ccc(C3(c4noc(N5CCN(CC6CCCO6)CC5)n4)CCC3)cc2)cn1,weakly active,461.57000000000033,2.8798000000000004,1.0,9.0,7.036212172654444
520,CHEMBL4093301,Nc1ncc(-c2ccc(C3(c4noc(N5CCNCC5)n4)CCC3)cc2)cn1,weakly active,377.4520000000001,1.9883999999999995,2.0,8.0,6.489454989793388
521,CHEMBL4246500,CC(C)Cc1ccc(C(C)c2nc3c(CC(=O)O)cccc3n2Cc2ccccc2Cl)cc1,weakly active,461.0050000000001,6.715400000000006,1.0,3.0,6.0
522,CHEMBL4246974,CC(C)Cc1ccc(C(C)c2nc3c(CCC(=O)O)cccc3n2Cc2ccccc2Cl)cc1,weakly active,475.03200000000004,7.105500000000006,1.0,3.0,6.721246399047171
523,CHEMBL4251024,CC(C)Cc1ccc(C(C)c2nc3cc(CCC(=O)O)ccc3n2Cc2ccccc2Cl)cc1,weakly active,475.03200000000004,7.105500000000006,1.0,3.0,7.301029995663981
524,CHEMBL4240446,CC(C)Cc1ccc(C(C)c2nc3cc(-c4ccccc4C(=O)O)ccc3n2Cc2ccccc2Cl)cc1,weakly active,523.0760000000002,8.453500000000005,1.0,3.0,5.958607314841775
525,CHEMBL4250561,CC(C)Cc1ccc(C(C)c2nc3cc(-c4cccc(C(=O)O)c4)ccc3n2Cc2ccccc2Cl)cc1,weakly active,523.0760000000002,8.453500000000005,1.0,3.0,7.130768280269024
526,CHEMBL4246028,CC(C)Cc1ccc(C(C)c2nc3cc(OCC(=O)O)ccc3n2Cc2ccccc2Cl)cc1,weakly active,477.00400000000013,6.5517000000000065,1.0,4.0,6.7447274948966935
527,CHEMBL4239176,CC(C)Cc1ccc(C(C)c2nc3cc(OC(C)(C)C(=O)O)ccc3n2Cc2ccccc2Cl)cc1,weakly active,505.0580000000001,7.3303000000000065,1.0,4.0,6.698970004336019
528,CHEMBL4247181,Cc1nc(-c2ccc3c(c2)nc(C(C)c2ccc(CC(C)C)cc2)n3Cc2ccccc2Cl)no1,weakly active,485.0310000000001,7.446720000000006,0.0,5.0,6.7447274948966935
529,CHEMBL4242947,CC(C)Cc1ccc(C(C)c2nc3cc(-c4noc(=O)[nH]4)ccc3n2Cc2ccccc2Cl)cc1,weakly active,487.00300000000016,6.431600000000006,1.0,5.0,6.568636235841013
530,CHEMBL4250180,CC(C)Cc1ccc(C(C)c2nc3cc(-c4nnn[nH]4)ccc3n2Cc2ccccc2Cl)cc1,weakly active,471.00800000000015,6.268400000000005,1.0,5.0,6.494850021680094
531,CHEMBL4245924,CC(C)Cc1ccc(C(C)c2nc3cc(C(N)=S)ccc3n2Cc2ccccc2Cl)cc1,weakly active,462.0620000000001,6.7225000000000055,1.0,3.0,6.795880017344075
532,CHEMBL4251226,CC(C)Cc1ccc(C(C)c2nc3cc(-c4nc(C(=O)O)cs4)ccc3n2Cc2ccccc2Cl)cc1,weakly active,530.0930000000002,7.910000000000007,1.0,5.0,6.823908740944319
533,CHEMBL4247640,CC(C)Cc1ccc(C(C)c2nc3cc(-c4nnco4)ccc3n2Cc2ccccc2Cl)cc1,weakly active,471.00400000000013,7.138300000000006,0.0,5.0,7.045757490560675
534,CHEMBL4247178,CC(C)Cc1ccc(C(C)c2nc3cc(-c4n[nH]c(=O)o4)ccc3n2Cc2ccccc2Cl)cc1,weakly active,487.00300000000016,6.431600000000006,1.0,5.0,7.0
535,CHEMBL4251469,CC(C)Cc1ccc(C(C)c2nc3cc(-c4n[nH]c(=S)o4)ccc3n2Cc2ccccc2Cl)cc1,weakly active,503.07100000000014,7.800890000000007,1.0,5.0,7.301029995663981
536,CHEMBL4251022,CC(C)CCc1ccc(C(C)c2nc3cc(C#N)ccc3n2Cc2ccccc2Cl)cc1,weakly active,442.0060000000001,7.350080000000006,0.0,3.0,4.7447274948966935
537,CHEMBL4240912,CC(c1ccc(CC(C)(C)C)cc1)c1nc2cc(C#N)ccc2n1Cc1ccccc1Cl,weakly active,442.0060000000001,7.350080000000006,0.0,3.0,5.769551078621726
538,CHEMBL4240443,CCC(C)c1ccc(C(C)c2nc3cc(C#N)ccc3n2Cc2ccccc2Cl)cc1,weakly active,427.97900000000016,7.274980000000006,0.0,3.0,6.154901959985743
539,CHEMBL4241055,CC(C)Cc1ccc(C(C)c2nc3cc(C(N)=O)ccc3n2Cc2ccccc2Cl)cc1,weakly active,445.99400000000014,6.187200000000006,1.0,3.0,6.886056647693163
540,CHEMBL4250303,CC(C)Cc1ccc(C(C)c2nc3c(C(=O)O)cccc3n2Cc2ccccc2Cl)cc1,weakly active,446.97800000000007,6.7865000000000055,1.0,3.0,6.3979400086720375
541,CHEMBL4249435,CC(C)Cc1ccc(C(C)c2nc3cc(CC(=O)O)ccc3n2Cc2ccccc2Cl)cc1,weakly active,461.0050000000001,6.715400000000006,1.0,3.0,6.346787486224656
542,CHEMBL4239733,CC(C)Cc1ccc(C(C)c2nc3cc(C(=O)O)ccc3n2Cc2ccccc2Cl)cc1,weakly active,446.97800000000007,6.7865000000000055,1.0,3.0,6.552841968657781
543,CHEMBL4247754,CC(C)Cc1ccc(C(C)c2nc3cc(S(N)(=O)=O)ccc3n2Cc2ccccc2Cl)cc1,weakly active,482.0490000000002,5.735700000000006,1.0,4.0,6.552841968657781
544,CHEMBL4244646,N#Cc1ccc2c(c1)nc(NCCc1c[nH]c3ccccc13)n2Cc1ccccc1Cl,weakly active,425.9230000000001,5.745580000000003,2.0,4.0,5.055517327849831
545,CHEMBL4244196,N#Cc1ccc2c(c1)nc(NCc1ccc3cc[nH]c3c1)n2Cc1ccccc1Cl,weakly active,411.8960000000002,5.703080000000003,2.0,4.0,5.0
546,CHEMBL4248447,N#Cc1ccc2c(c1)nc(NCc1ccc3[nH]ccc3c1)n2Cc1ccccc1Cl,weakly active,411.8960000000002,5.703080000000003,2.0,4.0,5.42021640338319
547,CHEMBL4247819,N#Cc1ccc2c(c1)nc(CCc1ccc(-c3cnc(N)cn3)cc1)n2Cc1ccccc1Cl,weakly active,464.96000000000015,5.434080000000003,1.0,6.0,6.585026652029182
548,CHEMBL4243603,N#Cc1ccc2c(c1)nc(CCc1ccc(-c3ccc(N)nn3)cc1)n2Cc1ccccc1Cl,weakly active,464.96000000000015,5.434080000000003,1.0,6.0,6.180456064458132
549,CHEMBL4249908,N#Cc1ccc2c(c1)nc(CCc1ccc(-c3ccc(N)nc3)cc1)n2Cc1ccccc1Cl,weakly active,463.9720000000001,6.039080000000004,1.0,5.0,6.6020599913279625
550,CHEMBL4239812,N#Cc1ccc2c(c1)nc(CCc1ccc(-c3cnc(N)nc3)cc1)n2Cc1ccccc1Cl,weakly active,464.96000000000015,5.434080000000003,1.0,6.0,6.431798275933005
551,CHEMBL4240262,CC(Cc1ccc(-c2cnc(N)nc2)cc1)c1nc2cc(C#N)ccc2n1Cc1ccccc1Cl,weakly active,478.9870000000002,5.995080000000004,1.0,6.0,6.376750709602099
552,CHEMBL4250880,C=C(Cc1ccc(-c2cnc(N)nc2)cc1)c1nc2cc(C#N)ccc2n1Cc1ccccc1Cl,weakly active,476.9710000000001,5.904780000000004,1.0,6.0,6.431798275933005
553,CHEMBL4291038,Cc1cc(OCc2nc3ccccc3s2)ccc1NC(=O)Nc1ccc(Cl)c(Cl)c1,weakly active,458.3700000000001,7.134520000000003,2.0,4.0,6.698970004336019
554,CHEMBL4287848,Cc1noc(-c2ccc(OCc3ccc4ccccc4n3)cc2)c1-c1ccc(Cl)cc1,weakly active,426.90300000000013,7.097620000000005,0.0,4.0,5.356547323513812
555,CHEMBL4562028,Cc1cc(-c2ccc3c([C@@H]4C[C@H]5C[C@H]5C[C@H]4C(=O)Nc4cn(C)nc4C(N)=O)noc3c2)n[nH]1,weakly active,459.51000000000016,3.1271199999999997,3.0,7.0,6.900008766455316
556,CHEMBL4472842,Cc1cc(-c2ccc3c([C@@H]4CCCC[C@H]4C(=O)Nc4cn(C)nc4C(N)=O)noc3c2)n[nH]1,weakly active,447.4990000000001,3.2712200000000005,3.0,7.0,7.199970640755866
557,CHEMBL4471402,CC(C)(O)CNC(=O)c1cnc(NC(=O)[C@@H]2CCCC[C@H]2C(=O)c2ccc(-c3cc[nH]n3)cc2)cn1,weakly active,490.56400000000025,2.9952000000000014,4.0,7.0,7.0
558,CHEMBL4589058,CC(C)(CNC(=O)[C@@H]1CCCC[C@H]1C(=O)c1ccc(-c2cc[nH]n2)cc1)S(C)(=O)=O,weakly active,431.55800000000005,3.005200000000001,2.0,5.0,6.900008766455316
559,CHEMBL4527700,Cn1ncc(NC(=O)[C@@H]2C[C@@H]3C[C@@H]3C[C@H]2C(=O)c2ccc(-c3cc[nH]n3)cc2)c1C(F)(F)F,weakly active,457.456,4.312700000000003,2.0,5.0,7.299988937677887
560,CHEMBL4458304,Cc1nn(C)cc1NC(=O)[C@@H]1[C@H]2CC[C@H](CC2)[C@H]1C(=O)c1ccc(-c2cc[nH]n2)cc1F,weakly active,435.5030000000001,4.131520000000003,2.0,5.0,6.699991797446187
561,CHEMBL4442899,Cc1cc(-c2ccc(C(=O)[C@@H]3CCCC[C@H]3C(=O)Nc3cn(C)nc3C(N)=O)c(F)c2)[nH]n1,weakly active,452.4900000000001,2.984419999999999,3.0,6.0,6.799998134593398
562,CHEMBL4554158,Cc1nn(C)cc1NC(=O)[C@@H]1CCCC[C@H]1C(=O)c1ccc(-c2cc[nH]n2)cc1F,weakly active,409.46500000000003,3.8855200000000023,2.0,5.0,7.199970640755866
563,CHEMBL4578760,Cc1cc(-c2cc[nH]n2)ccc1C(=O)[C@@H]1CCCC[C@H]1C(=O)Nc1cn(C)nc1C,weakly active,405.50200000000007,4.054840000000002,2.0,5.0,6.0999990348465305
564,CHEMBL4525902,Cc1nn(C)cc1NC(=O)[C@@H]1CCCC[C@H]1C(=O)c1ccc(-c2cc[nH]n2)nc1,weakly active,392.463,3.141420000000001,2.0,6.0,5.40000018605658
565,CHEMBL4450838,Cc1cc(-c2ccc(C(=O)[C@@H]3CCCC[C@H]3C(=O)Nc3cn(C)nc3C(N)=O)cc2)[nH]n1,weakly active,434.5000000000001,2.845319999999999,3.0,6.0,6.699991797446187
566,CHEMBL4555790,Cc1cc(-c2ccc(C(=O)[C@@H]3CCCC[C@H]3C(=O)Nc3cn(C)nc3C#N)cc2)n[nH]1,weakly active,416.48500000000007,3.618100000000001,2.0,6.0,7.0
567,CHEMBL4457556,Cc1cc(-c2ccc(C(=O)[C@@H]3CCCC[C@H]3C(=O)Nc3cn(C)nc3C(F)F)cc2)n[nH]1,weakly active,441.482,4.684020000000003,2.0,5.0,7.199970640755866
568,CHEMBL4438207,Cn1cc(NC(=O)[C@@H]2CCCC[C@H]2C(=O)c2ccc(-c3cc[nH]n3)cc2)c(OC(F)F)n1,weakly active,443.45400000000006,4.039400000000002,2.0,6.0,7.0
569,CHEMBL4534060,Cn1ncc(NC(=O)[C@@H]2CCCC[C@H]2C(=O)c2ccc(-c3cc[nH]n3)cc2)c1C(F)(F)F,weakly active,445.445,4.456800000000003,2.0,5.0,7.299988937677887
570,CHEMBL4463314,Cn1cc(NC(=O)[C@@H]2CCCC[C@H]2C(=O)c2ccc(-c3cc[nH]n3)cc2)c(C(F)(F)F)n1,weakly active,445.44500000000005,4.456800000000003,2.0,5.0,7.299988937677887
571,CHEMBL4454073,Cc1nn(C)cc1N(C)C(=O)[C@@H]1CCCC[C@H]1C(=O)c1ccc(-c2cc[nH]n2)cc1,weakly active,405.50200000000007,3.7707200000000025,1.0,5.0,6.599997654072044
572,CHEMBL4516184,O=C(NCCc1ccccn1)[C@@H]1CCCC[C@H]1C(=O)c1ccc(-c2cc[nH]n2)cc1,weakly active,402.49800000000005,3.8197000000000028,2.0,4.0,5.59999938302362
573,CHEMBL4528928,Cc1cc(-c2ccc(C(=O)[C@@H]3CCCC[C@H]3C(=O)Nc3cn(C)nc3C)cc2)n[nH]1,weakly active,405.50200000000007,4.054840000000001,2.0,5.0,7.199970640755866
574,CHEMBL4570583,Cc1nn(C)cc1NC(=O)[C@@H]1CCCC[C@H]1C(=O)c1ccc(-c2ccnn2C)cc1,weakly active,405.50200000000007,3.756820000000003,1.0,6.0,4.499999953328896
575,CHEMBL4545393,Cc1nn(C)cc1NC(=O)[C@@H]1CCCC[C@H]1C(=O)c1ccc(-c2ccccn2)cc1,weakly active,402.49800000000005,4.418320000000004,1.0,5.0,5.700000503883016
576,CHEMBL4520720,Cc1nn(C)cc1NC(=O)[C@H]1CCCC[C@@H]1C(=O)c1ccc(-c2cc[nH]n2)cc1,weakly active,391.475,3.7464200000000023,2.0,5.0,5.100000128334196
577,CHEMBL4554389,Cc1nn(C)cc1NC(=O)[C@@H]1CCCC[C@H]1C(=O)c1ccc(-c2cc[nH]n2)cc1,weakly active,391.475,3.7464200000000023,2.0,5.0,6.699991797446187
578,CHEMBL4472275,Cc1noc(C)c1NC(=O)[C@@H]1CCCC[C@H]1C(=O)c1ccc(-c2cc[nH]n2)cc1,weakly active,392.459,4.309340000000002,2.0,5.0,6.299997602857746
579,CHEMBL4442240,Cc1cnn(-c2ccc(C(=O)[C@@H]3CCCC[C@H]3C(=O)Nc3cccc(C(N)=O)c3)cc2)c1,weakly active,430.5080000000001,3.907420000000002,2.0,5.0,5.700000503883016
580,CHEMBL4444008,Cc1c[nH]nc1-c1ccc(C(=O)[C@@H]2CCCC[C@H]2C(=O)Nc2cn(C)nc2C)cc1,weakly active,405.50200000000007,4.054840000000003,2.0,5.0,6.0
581,CHEMBL4526540,Cc1nn(C)cc1NC(=O)[C@@H]1CCCC[C@H]1C(=O)c1ccc(-c2ccc[nH]2)cc1,weakly active,390.487,4.351420000000004,2.0,4.0,6.0
582,CHEMBL4525999,CC(=O)c1cccc(-c2ccc(C(=O)[C@@H]3CCCC[C@H]3C(=O)Nc3c(C)noc3C)cc2)c1,weakly active,444.5310000000001,5.788840000000005,1.0,5.0,5.59999938302362
583,CHEMBL4447921,Cc1cc(-c2ccc(C(=O)[C@@H]3CCCC[C@H]3C(=O)Nc3cnn(CC(N)=O)c3)cc2)[nH]n1,weakly active,434.5000000000001,2.6947199999999993,3.0,6.0,6.617982957425132
584,CHEMBL4543414,Cc1cc(-c2ccc(C(=O)[C@@H]3CCCC[C@H]3C(=O)Nc3c(C)nn(C)c3C(N)=O)cc2)n[nH]1,weakly active,448.52700000000016,3.15374,3.0,6.0,6.995678626217358
585,CHEMBL4560241,CN(C)C(=O)Cn1cc(-c2nc(C3(c4ccc(-c5cnc(N)nc5)cc4)CC3)no2)cn1,weakly active,430.47200000000015,2.1403999999999996,1.0,9.0,6.173925197299173
